{
  "type": "FeatureCollection",
  "generator": "overpass-turbo",
  "copyright": "The data included in this document is from www.openstreetmap.org. The data is made available under ODbL.",
  "timestamp": "2026-08-21T16:29:35Z",
  "features": [
    {
      "type": "Feature",
      "properties": {
        "@id": "way/23635506",
        "alt_name": "Plage du VVF",
        "alt_name:eu": "VVF Hondartza",
        "description": "Cette plage est située au pied de la falaise du Cap Saint-Martin et de son phare. La base de la falaise est creusée de nombreuses grottes. L’accès y est interdit pour raison de sécurité.",
        "dog": "yes",
        "lifeguard": "yes",
        "name": "Plage de la Petite Chambre d'Amour",
        "name:eu": "Amodio Ganberako hondartza",
        "natural": "beach",
        "opening_hours:lifeguard": "Jun 15-Jun 30: 12:00-18:00; Jul 01-Sep 01: 10:30-19:00; Sep 02-Sep 15: 12:00-18:00",
        "phone": "+33559583535",
        "ref:FR:CRTA": "LOIAQU064FS000BS",
        "surface": "sand",
        "website": "https://www.anglet-tourisme.com/fr/pratique/webcams.php",
        "@geometry": "center"
      },
      "geometry": {
        "type": "Point",
        "coordinates": [
          -1.546575,
          43.4957707
        ]
      },
      "id": "way/23635506"
    },
    {
      "type": "Feature",
      "properties": {
        "@id": "way/24648192",
        "name": "Plage de Golfe Bleu",
        "natural": "beach",
        "@geometry": "center"
      },
      "geometry": {
        "type": "Point",
        "coordinates": [
          7.4543229,
          43.7586714
        ]
      },
      "id": "way/24648192"
    },
    {
      "type": "Feature",
      "properties": {
        "@id": "way/24648222",
        "name": "Plage du Buse",
        "natural": "beach",
        "wikidata": "Q49322576",
        "wikimedia_commons": "File:Beach of Roquebrune.jpg",
        "wikipedia": "ceb:Plage de Buse",
        "@geometry": "center"
      },
      "geometry": {
        "type": "Point",
        "coordinates": [
          7.4597986,
          43.760121
        ]
      },
      "id": "way/24648222"
    },
    {
      "type": "Feature",
      "properties": {
        "@id": "way/26367768",
        "dog": "no",
        "name": "Plage de la Tossen",
        "name:br": "Traezh an Dosenn",
        "name:fr": "Plage de la Tossen",
        "natural": "beach",
        "@geometry": "center"
      },
      "geometry": {
        "type": "Point",
        "coordinates": [
          -3.0344885,
          48.7832807
        ]
      },
      "id": "way/26367768"
    },
    {
      "type": "Feature",
      "properties": {
        "@id": "way/26367791",
        "dog": "no",
        "name": "Plage de Keirdreiz",
        "natural": "beach",
        "@geometry": "center"
      },
      "geometry": {
        "type": "Point",
        "coordinates": [
          -3.0282612,
          48.7774277
        ]
      },
      "id": "way/26367791"
    },
    {
      "type": "Feature",
      "properties": {
        "@id": "way/26425912",
        "name": "Plage du Groa",
        "natural": "beach",
        "surface": "pebblestone",
        "@geometry": "center"
      },
      "geometry": {
        "type": "Point",
        "coordinates": [
          -3.0002695,
          48.8600807
        ]
      },
      "id": "way/26425912"
    },
    {
      "type": "Feature",
      "properties": {
        "@id": "way/26488362",
        "area": "yes",
        "name": "Plage du Four à Chaux",
        "name:br": "Traezh ar Forn Raz",
        "name:fr": "Plage du Four à Chaux",
        "natural": "beach",
        "@geometry": "center"
      },
      "geometry": {
        "type": "Point",
        "coordinates": [
          -3.0406156,
          48.7831225
        ]
      },
      "id": "way/26488362"
    },
    {
      "type": "Feature",
      "properties": {
        "@id": "way/27334761",
        "name": "Plages du Mourillon",
        "natural": "beach",
        "surface": "sand",
        "wikidata": "Q120181311",
        "@geometry": "center"
      },
      "geometry": {
        "type": "Point",
        "coordinates": [
          5.9450152,
          43.1071423
        ]
      },
      "id": "way/27334761"
    },
    {
      "type": "Feature",
      "properties": {
        "@id": "way/28146099",
        "name": "Plage Rondelli",
        "natural": "beach",
        "@geometry": "center"
      },
      "geometry": {
        "type": "Point",
        "coordinates": [
          7.510511,
          43.780905
        ]
      },
      "id": "way/28146099"
    },
    {
      "type": "Feature",
      "properties": {
        "@id": "way/30102176",
        "natural": "beach",
        "@geometry": "center"
      },
      "geometry": {
        "type": "Point",
        "coordinates": [
          6.8164346,
          43.4157503
        ]
      },
      "id": "way/30102176"
    },
    {
      "type": "Feature",
      "properties": {
        "@id": "way/30102231",
        "name": "Plage du Veillat",
        "natural": "beach",
        "surface": "sand",
        "wikidata": "Q49322832",
        "@geometry": "center"
      },
      "geometry": {
        "type": "Point",
        "coordinates": [
          6.7683464,
          43.4206225
        ]
      },
      "id": "way/30102231"
    },
    {
      "type": "Feature",
      "properties": {
        "@id": "way/30102340",
        "name": "Plage du Grand Boucharel",
        "natural": "beach",
        "wikidata": "Q49322760",
        "@geometry": "center"
      },
      "geometry": {
        "type": "Point",
        "coordinates": [
          6.7143854,
          43.3723389
        ]
      },
      "id": "way/30102340"
    },
    {
      "type": "Feature",
      "properties": {
        "@id": "way/30102376",
        "name": "Plage de La Gaillarde",
        "natural": "beach",
        "surface": "sand",
        "@geometry": "center"
      },
      "geometry": {
        "type": "Point",
        "coordinates": [
          6.7130473,
          43.3668099
        ]
      },
      "id": "way/30102376"
    },
    {
      "type": "Feature",
      "properties": {
        "@id": "way/40323127",
        "name": "Plage de l'Arinella",
        "natural": "beach",
        "@geometry": "center"
      },
      "geometry": {
        "type": "Point",
        "coordinates": [
          8.8051527,
          42.576503
        ]
      },
      "id": "way/40323127"
    },
    {
      "type": "Feature",
      "properties": {
        "@id": "way/40323298",
        "name": "La Pinède",
        "natural": "beach",
        "@geometry": "center"
      },
      "geometry": {
        "type": "Point",
        "coordinates": [
          8.7760427,
          42.5565379
        ]
      },
      "id": "way/40323298"
    },
    {
      "type": "Feature",
      "properties": {
        "@id": "way/41401800",
        "natural": "beach",
        "@geometry": "center"
      },
      "geometry": {
        "type": "Point",
        "coordinates": [
          8.8960648,
          41.6766307
        ]
      },
      "id": "way/41401800"
    },
    {
      "type": "Feature",
      "properties": {
        "@id": "way/49778591",
        "name": "Plage du centre ville",
        "natural": "beach",
        "@geometry": "center"
      },
      "geometry": {
        "type": "Point",
        "coordinates": [
          6.6358907,
          43.3075652
        ]
      },
      "id": "way/49778591"
    },
    {
      "type": "Feature",
      "properties": {
        "@id": "way/49781780",
        "lifeguard": "yes",
        "name": "Plage des Esclamandes",
        "natural": "beach",
        "nudism": "yes",
        "supervised": "no",
        "@geometry": "center"
      },
      "geometry": {
        "type": "Point",
        "coordinates": [
          6.7343833,
          43.4069414
        ]
      },
      "id": "way/49781780"
    },
    {
      "type": "Feature",
      "properties": {
        "@id": "way/55679974",
        "natural": "beach",
        "surface": "pebblestone",
        "wikidata": "Q129211865",
        "@geometry": "center"
      },
      "geometry": {
        "type": "Point",
        "coordinates": [
          7.1873487,
          43.6572026
        ]
      },
      "id": "way/55679974"
    },
    {
      "type": "Feature",
      "properties": {
        "@id": "way/69354196",
        "name": "Plage de la Nartelle",
        "natural": "beach",
        "@geometry": "center"
      },
      "geometry": {
        "type": "Point",
        "coordinates": [
          6.6653683,
          43.3216261
        ]
      },
      "id": "way/69354196"
    },
    {
      "type": "Feature",
      "properties": {
        "@id": "way/71042957",
        "loc_name": "Moyen Guerzido",
        "natural": "beach",
        "source": "Ortho littorale 2000",
        "surface": "pebblestone",
        "@geometry": "center"
      },
      "geometry": {
        "type": "Point",
        "coordinates": [
          -2.9999216,
          48.8374901
        ]
      },
      "id": "way/71042957"
    },
    {
      "type": "Feature",
      "properties": {
        "@id": "way/71042969",
        "natural": "beach",
        "source": "Ortho littorale 2000",
        "surface": "pebblestone",
        "@geometry": "center"
      },
      "geometry": {
        "type": "Point",
        "coordinates": [
          -2.9970529,
          48.8381247
        ]
      },
      "id": "way/71042969"
    },
    {
      "type": "Feature",
      "properties": {
        "@id": "way/71042970",
        "natural": "beach",
        "source": "Ortho littorale 2000",
        "surface": "sand",
        "@geometry": "center"
      },
      "geometry": {
        "type": "Point",
        "coordinates": [
          -3.0050913,
          48.8379453
        ]
      },
      "id": "way/71042970"
    },
    {
      "type": "Feature",
      "properties": {
        "@id": "way/71042985",
        "name": "Petit Guerzido",
        "natural": "beach",
        "source": "Ortho littorale 2000",
        "surface": "pebblestone",
        "@geometry": "center"
      },
      "geometry": {
        "type": "Point",
        "coordinates": [
          -3.0010945,
          48.837462
        ]
      },
      "id": "way/71042985"
    },
    {
      "type": "Feature",
      "properties": {
        "@id": "way/71042989",
        "name": "Grand Guerzido",
        "name:br": "Ar Gwerzhidoù Bras",
        "name:fr": "Grand Guerzido",
        "natural": "beach",
        "source": "Ortho littorale 2000",
        "surface": "pebblestone",
        "@geometry": "center"
      },
      "geometry": {
        "type": "Point",
        "coordinates": [
          -2.9979579,
          48.8380295
        ]
      },
      "id": "way/71042989"
    },
    {
      "type": "Feature",
      "properties": {
        "@id": "way/71159328",
        "access": "private",
        "natural": "beach",
        "tidal": "yes",
        "@geometry": "center"
      },
      "geometry": {
        "type": "Point",
        "coordinates": [
          -3.0029196,
          48.8368762
        ]
      },
      "id": "way/71159328"
    },
    {
      "type": "Feature",
      "properties": {
        "@id": "way/71437152",
        "natural": "beach",
        "surface": "sand",
        "@geometry": "center"
      },
      "geometry": {
        "type": "Point",
        "coordinates": [
          -3.0115086,
          48.8378612
        ]
      },
      "id": "way/71437152"
    },
    {
      "type": "Feature",
      "properties": {
        "@id": "way/71737019",
        "natural": "beach",
        "source": "Ortho littorale 2000",
        "@geometry": "center"
      },
      "geometry": {
        "type": "Point",
        "coordinates": [
          -2.9903416,
          48.8385937
        ]
      },
      "id": "way/71737019"
    },
    {
      "type": "Feature",
      "properties": {
        "@id": "way/71737021",
        "natural": "beach",
        "source": "Ortho littorale 2000",
        "@geometry": "center"
      },
      "geometry": {
        "type": "Point",
        "coordinates": [
          -2.9920237,
          48.8379812
        ]
      },
      "id": "way/71737021"
    },
    {
      "type": "Feature",
      "properties": {
        "@id": "way/71737023",
        "natural": "beach",
        "source": "Ortho littorale 2000",
        "@geometry": "center"
      },
      "geometry": {
        "type": "Point",
        "coordinates": [
          -2.9893279,
          48.8394246
        ]
      },
      "id": "way/71737023"
    },
    {
      "type": "Feature",
      "properties": {
        "@id": "way/71737025",
        "natural": "beach",
        "source": "Ortho littorale 2000",
        "@geometry": "center"
      },
      "geometry": {
        "type": "Point",
        "coordinates": [
          -2.9931896,
          48.8382306
        ]
      },
      "id": "way/71737025"
    },
    {
      "type": "Feature",
      "properties": {
        "@id": "way/72448208",
        "natural": "beach",
        "@geometry": "center"
      },
      "geometry": {
        "type": "Point",
        "coordinates": [
          -2.985836,
          48.8455241
        ]
      },
      "id": "way/72448208"
    },
    {
      "type": "Feature",
      "properties": {
        "@id": "way/72448210",
        "natural": "beach",
        "@geometry": "center"
      },
      "geometry": {
        "type": "Point",
        "coordinates": [
          -2.9800831,
          48.847934
        ]
      },
      "id": "way/72448210"
    },
    {
      "type": "Feature",
      "properties": {
        "@id": "way/72448213",
        "natural": "beach",
        "@geometry": "center"
      },
      "geometry": {
        "type": "Point",
        "coordinates": [
          -2.9866015,
          48.8449011
        ]
      },
      "id": "way/72448213"
    },
    {
      "type": "Feature",
      "properties": {
        "@id": "way/72448218",
        "natural": "beach",
        "@geometry": "center"
      },
      "geometry": {
        "type": "Point",
        "coordinates": [
          -2.9846242,
          48.8450012
        ]
      },
      "id": "way/72448218"
    },
    {
      "type": "Feature",
      "properties": {
        "@id": "way/72448222",
        "natural": "beach",
        "@geometry": "center"
      },
      "geometry": {
        "type": "Point",
        "coordinates": [
          -2.9814032,
          48.8471272
        ]
      },
      "id": "way/72448222"
    },
    {
      "type": "Feature",
      "properties": {
        "@id": "way/73549168",
        "lifeguard": "yes",
        "name": "Plage du Marché",
        "natural": "beach",
        "supervised": "yes",
        "surface": "pebblestone",
        "@geometry": "center"
      },
      "geometry": {
        "type": "Point",
        "coordinates": [
          7.5026543,
          43.7733537
        ]
      },
      "id": "way/73549168"
    },
    {
      "type": "Feature",
      "properties": {
        "@id": "way/77594385",
        "dog": "no",
        "lifeguard": "yes",
        "name": "Plage Centrale",
        "natural": "beach",
        "smoking": "no",
        "surface": "sand",
        "@geometry": "center"
      },
      "geometry": {
        "type": "Point",
        "coordinates": [
          5.7593322,
          43.1361294
        ]
      },
      "id": "way/77594385"
    },
    {
      "type": "Feature",
      "properties": {
        "@id": "way/79507424",
        "name": "Pors Rand",
        "natural": "beach",
        "surface": "sand",
        "@geometry": "center"
      },
      "geometry": {
        "type": "Point",
        "coordinates": [
          -3.1075131,
          48.8659569
        ]
      },
      "id": "way/79507424"
    },
    {
      "type": "Feature",
      "properties": {
        "@id": "way/80789016",
        "name": "Plage de Jean Blanc",
        "natural": "beach",
        "source": "Cnes/Spot Image",
        "surface": "sand",
        "@geometry": "center"
      },
      "geometry": {
        "type": "Point",
        "coordinates": [
          6.4124013,
          43.1495143
        ]
      },
      "id": "way/80789016"
    },
    {
      "type": "Feature",
      "properties": {
        "@id": "way/80789017",
        "fee": "no",
        "leisure": "beach_resort",
        "lifeguard": "no",
        "name": "Plage de Pramousquier",
        "natural": "beach",
        "source": "Cnes/Spot Image",
        "surface": "sand",
        "@geometry": "center"
      },
      "geometry": {
        "type": "Point",
        "coordinates": [
          6.4477194,
          43.1521028
        ]
      },
      "id": "way/80789017"
    },
    {
      "type": "Feature",
      "properties": {
        "@id": "way/80789019",
        "name": "Plage de Cavalière",
        "natural": "beach",
        "source": "BDOrtho IGN;knowledge 2018-04",
        "surface": "sand",
        "@geometry": "center"
      },
      "geometry": {
        "type": "Point",
        "coordinates": [
          6.4301727,
          43.1503783
        ]
      },
      "id": "way/80789019"
    },
    {
      "type": "Feature",
      "properties": {
        "@id": "way/80789022",
        "name": "Plage du Layet",
        "natural": "beach",
        "nudism": "yes",
        "source": "Cnes/Spot Image",
        "supervised": "no",
        "surface": "sand",
        "@geometry": "center"
      },
      "geometry": {
        "type": "Point",
        "coordinates": [
          6.4203869,
          43.1483291
        ]
      },
      "id": "way/80789022"
    },
    {
      "type": "Feature",
      "properties": {
        "@id": "way/80789023",
        "name": "Plage d'Aiguebelle",
        "natural": "beach",
        "source": "Cnes/Spot Image",
        "surface": "sand",
        "@geometry": "center"
      },
      "geometry": {
        "type": "Point",
        "coordinates": [
          6.4031576,
          43.1491518
        ]
      },
      "id": "way/80789023"
    },
    {
      "type": "Feature",
      "properties": {
        "@id": "way/83606654",
        "natural": "beach",
        "@geometry": "center"
      },
      "geometry": {
        "type": "Point",
        "coordinates": [
          -3.0165264,
          48.8398268
        ]
      },
      "id": "way/83606654"
    },
    {
      "type": "Feature",
      "properties": {
        "@id": "way/83606667",
        "natural": "beach",
        "@geometry": "center"
      },
      "geometry": {
        "type": "Point",
        "coordinates": [
          -3.020657,
          48.8355248
        ]
      },
      "id": "way/83606667"
    },
    {
      "type": "Feature",
      "properties": {
        "@id": "way/83606668",
        "natural": "beach",
        "@geometry": "center"
      },
      "geometry": {
        "type": "Point",
        "coordinates": [
          -3.0188219,
          48.8355644
        ]
      },
      "id": "way/83606668"
    },
    {
      "type": "Feature",
      "properties": {
        "@id": "way/83606674",
        "natural": "beach",
        "@geometry": "center"
      },
      "geometry": {
        "type": "Point",
        "coordinates": [
          -3.0214495,
          48.8367458
        ]
      },
      "id": "way/83606674"
    },
    {
      "type": "Feature",
      "properties": {
        "@id": "way/83744422",
        "natural": "beach",
        "source": "Ortho littorale 2000",
        "surface": "pebblestone",
        "@geometry": "center"
      },
      "geometry": {
        "type": "Point",
        "coordinates": [
          -3.008926,
          48.8590706
        ]
      },
      "id": "way/83744422"
    },
    {
      "type": "Feature",
      "properties": {
        "@id": "way/96491287",
        "name": "Plage de la Galiote",
        "natural": "beach",
        "@geometry": "center"
      },
      "geometry": {
        "type": "Point",
        "coordinates": [
          6.7282135,
          43.3928076
        ]
      },
      "id": "way/96491287"
    },
    {
      "type": "Feature",
      "properties": {
        "@id": "way/110606668",
        "name": "Plage des Vaches Noires",
        "natural": "beach",
        "nudism": "yes",
        "surface": "sand",
        "@geometry": "center"
      },
      "geometry": {
        "type": "Point",
        "coordinates": [
          -0.0406422,
          49.3141418
        ]
      },
      "id": "way/110606668"
    },
    {
      "type": "Feature",
      "properties": {
        "@id": "way/111259227",
        "natural": "beach",
        "@geometry": "center"
      },
      "geometry": {
        "type": "Point",
        "coordinates": [
          0.0366385,
          49.3440961
        ]
      },
      "id": "way/111259227"
    },
    {
      "type": "Feature",
      "properties": {
        "@id": "way/118175336",
        "natural": "beach",
        "surface": "pebblestone",
        "@geometry": "center"
      },
      "geometry": {
        "type": "Point",
        "coordinates": [
          -2.9903327,
          48.8636775
        ]
      },
      "id": "way/118175336"
    },
    {
      "type": "Feature",
      "properties": {
        "@id": "way/118175342",
        "natural": "beach",
        "@geometry": "center"
      },
      "geometry": {
        "type": "Point",
        "coordinates": [
          -2.9953069,
          48.8636163
        ]
      },
      "id": "way/118175342"
    },
    {
      "type": "Feature",
      "properties": {
        "@id": "way/118751617",
        "name": "Plage du Rossignol",
        "natural": "beach",
        "nudism": "yes",
        "surface": "sand",
        "@geometry": "center"
      },
      "geometry": {
        "type": "Point",
        "coordinates": [
          6.4186459,
          43.1476198
        ]
      },
      "id": "way/118751617"
    },
    {
      "type": "Feature",
      "properties": {
        "@id": "way/118752471",
        "description": "Nudisme : Autorisé de septembre à juin",
        "name": "Plage de l'Eléphant",
        "natural": "beach",
        "surface": "sand",
        "@geometry": "center"
      },
      "geometry": {
        "type": "Point",
        "coordinates": [
          6.4163428,
          43.1491271
        ]
      },
      "id": "way/118752471"
    },
    {
      "type": "Feature",
      "properties": {
        "@id": "way/118753345",
        "name": "Plage du Cap Nègre",
        "natural": "beach",
        "surface": "sand",
        "@geometry": "center"
      },
      "geometry": {
        "type": "Point",
        "coordinates": [
          6.4388137,
          43.148027
        ]
      },
      "id": "way/118753345"
    },
    {
      "type": "Feature",
      "properties": {
        "@id": "way/121216027",
        "name": "Portu zaharra",
        "name:eu": "Portu zaharra",
        "natural": "beach",
        "@geometry": "center"
      },
      "geometry": {
        "type": "Point",
        "coordinates": [
          -1.5633731,
          43.4835449
        ]
      },
      "id": "way/121216027"
    },
    {
      "type": "Feature",
      "properties": {
        "@id": "way/121216042",
        "natural": "beach",
        "@geometry": "center"
      },
      "geometry": {
        "type": "Point",
        "coordinates": [
          -1.5626282,
          43.4836792
        ]
      },
      "id": "way/121216042"
    },
    {
      "type": "Feature",
      "properties": {
        "@id": "way/121216043",
        "natural": "beach",
        "@geometry": "center"
      },
      "geometry": {
        "type": "Point",
        "coordinates": [
          -1.564949,
          43.4836212
        ]
      },
      "id": "way/121216043"
    },
    {
      "type": "Feature",
      "properties": {
        "@id": "way/121230997",
        "name": "Plage du Miramar",
        "natural": "beach",
        "nudism": "yes",
        "@geometry": "center"
      },
      "geometry": {
        "type": "Point",
        "coordinates": [
          -1.553047,
          43.4910564
        ]
      },
      "id": "way/121230997"
    },
    {
      "type": "Feature",
      "properties": {
        "@id": "way/121823396",
        "access": "no",
        "lifeguard": "no",
        "name": "Plage du Figuier",
        "natural": "beach",
        "supervised": "no",
        "surface": "sand",
        "@geometry": "center"
      },
      "geometry": {
        "type": "Point",
        "coordinates": [
          6.4818317,
          43.1543264
        ]
      },
      "id": "way/121823396"
    },
    {
      "type": "Feature",
      "properties": {
        "@id": "way/123328593",
        "leisure": "beach_resort",
        "lifeguard": "yes",
        "name": "Plage du Rayol",
        "natural": "beach",
        "surface": "sand",
        "@geometry": "center"
      },
      "geometry": {
        "type": "Point",
        "coordinates": [
          6.4757724,
          43.1560982
        ]
      },
      "id": "way/123328593"
    },
    {
      "type": "Feature",
      "properties": {
        "@id": "way/123328596",
        "leisure": "beach_resort",
        "lifeguard": "yes",
        "name": "Plage du Rayol",
        "natural": "beach",
        "ref:FR:FANTOIR": "83152B018",
        "surface": "sand",
        "@geometry": "center"
      },
      "geometry": {
        "type": "Point",
        "coordinates": [
          6.4779191,
          43.1561167
        ]
      },
      "id": "way/123328596"
    },
    {
      "type": "Feature",
      "properties": {
        "@id": "way/124531749",
        "natural": "beach",
        "@geometry": "center"
      },
      "geometry": {
        "type": "Point",
        "coordinates": [
          9.151558,
          41.3913869
        ]
      },
      "id": "way/124531749"
    },
    {
      "type": "Feature",
      "properties": {
        "@id": "way/124531750",
        "natural": "beach",
        "@geometry": "center"
      },
      "geometry": {
        "type": "Point",
        "coordinates": [
          9.1568441,
          41.3920885
        ]
      },
      "id": "way/124531750"
    },
    {
      "type": "Feature",
      "properties": {
        "@id": "way/130103561",
        "name": "Plage de Paragan",
        "natural": "beach",
        "surface": "sand",
        "@geometry": "center"
      },
      "geometry": {
        "type": "Point",
        "coordinates": [
          9.1334004,
          41.3992905
        ]
      },
      "id": "way/130103561"
    },
    {
      "type": "Feature",
      "properties": {
        "@id": "way/130416802",
        "name": "Plage de la Roya",
        "natural": "beach",
        "@geometry": "center"
      },
      "geometry": {
        "type": "Point",
        "coordinates": [
          9.2864668,
          42.6756031
        ]
      },
      "id": "way/130416802"
    },
    {
      "type": "Feature",
      "properties": {
        "@id": "way/135326895",
        "dog": "yes",
        "natural": "beach",
        "@geometry": "center"
      },
      "geometry": {
        "type": "Point",
        "coordinates": [
          6.7467567,
          43.4184701
        ]
      },
      "id": "way/135326895"
    },
    {
      "type": "Feature",
      "properties": {
        "@id": "way/135326900",
        "name": "plage base nature",
        "natural": "beach",
        "@geometry": "center"
      },
      "geometry": {
        "type": "Point",
        "coordinates": [
          6.7406093,
          43.413225
        ]
      },
      "id": "way/135326900"
    },
    {
      "type": "Feature",
      "properties": {
        "@id": "way/136794717",
        "access": "yes",
        "name": "Fréjus plage",
        "natural": "beach",
        "supervised": "no",
        "surface": "sand",
        "wikidata": "Q49322591",
        "@geometry": "center"
      },
      "geometry": {
        "type": "Point",
        "coordinates": [
          6.7566268,
          43.4226321
        ]
      },
      "id": "way/136794717"
    },
    {
      "type": "Feature",
      "properties": {
        "@id": "way/138422227",
        "access": "yes",
        "alt_name": "Plage de Renécros",
        "dog": "no",
        "lifeguard": "yes",
        "name": "Plage de Renecros",
        "natural": "beach",
        "smoking": "no",
        "surface": "sand",
        "@geometry": "center"
      },
      "geometry": {
        "type": "Point",
        "coordinates": [
          5.7498952,
          43.1342264
        ]
      },
      "id": "way/138422227"
    },
    {
      "type": "Feature",
      "properties": {
        "@id": "way/138422434",
        "dog": "no",
        "name": "Plage du Capélan",
        "natural": "beach",
        "supervised": "no",
        "surface": "pebblestone",
        "@geometry": "center"
      },
      "geometry": {
        "type": "Point",
        "coordinates": [
          5.7382219,
          43.1355569
        ]
      },
      "id": "way/138422434"
    },
    {
      "type": "Feature",
      "properties": {
        "@id": "way/146315263",
        "natural": "beach",
        "@geometry": "center"
      },
      "geometry": {
        "type": "Point",
        "coordinates": [
          -3.0020993,
          48.8382473
        ]
      },
      "id": "way/146315263"
    },
    {
      "type": "Feature",
      "properties": {
        "@id": "way/146315284",
        "name": "Pors Ar Men",
        "name:br": "Porzh ar Maen",
        "name:fr": "Pors Ar Men",
        "natural": "beach",
        "source:name:br": "proper translation",
        "@geometry": "center"
      },
      "geometry": {
        "type": "Point",
        "coordinates": [
          -3.0089179,
          48.8510706
        ]
      },
      "id": "way/146315284"
    },
    {
      "type": "Feature",
      "properties": {
        "@id": "way/146315312",
        "natural": "beach",
        "surface": "pebblestone",
        "@geometry": "center"
      },
      "geometry": {
        "type": "Point",
        "coordinates": [
          -2.9973352,
          48.8401581
        ]
      },
      "id": "way/146315312"
    },
    {
      "type": "Feature",
      "properties": {
        "@id": "way/146315315",
        "natural": "beach",
        "surface": "sand",
        "@geometry": "center"
      },
      "geometry": {
        "type": "Point",
        "coordinates": [
          -2.9971921,
          48.8392855
        ]
      },
      "id": "way/146315315"
    },
    {
      "type": "Feature",
      "properties": {
        "@id": "way/146315318",
        "natural": "beach",
        "surface": "pebblestone",
        "@geometry": "center"
      },
      "geometry": {
        "type": "Point",
        "coordinates": [
          -2.9973327,
          48.8413289
        ]
      },
      "id": "way/146315318"
    },
    {
      "type": "Feature",
      "properties": {
        "@id": "way/151945351",
        "name": "Plage du Casino",
        "natural": "beach",
        "surface": "pebblestone",
        "@geometry": "center"
      },
      "geometry": {
        "type": "Point",
        "coordinates": [
          7.4962998,
          43.7710776
        ]
      },
      "id": "way/151945351"
    },
    {
      "type": "Feature",
      "properties": {
        "@id": "way/156866423",
        "access": "yes",
        "name": "Grande Plage",
        "name:eu": "Hondartza handia",
        "natural": "beach",
        "supervised": "interval",
        "surface": "sand",
        "wikidata": "Q49320843",
        "@geometry": "center"
      },
      "geometry": {
        "type": "Point",
        "coordinates": [
          -1.5591981,
          43.4853231
        ]
      },
      "id": "way/156866423"
    },
    {
      "type": "Feature",
      "properties": {
        "@id": "way/156866444",
        "name": "Plage du Port Vieux",
        "natural": "beach",
        "supervised": "interval",
        "surface": "sand",
        "wikidata": "Q49388123",
        "@geometry": "center"
      },
      "geometry": {
        "type": "Point",
        "coordinates": [
          -1.5679242,
          43.4825239
        ]
      },
      "id": "way/156866444"
    },
    {
      "type": "Feature",
      "properties": {
        "@id": "way/156866495",
        "alt_name": "Plage Bernain",
        "name": "Plage du Miramar",
        "name:eu": "Miramar",
        "natural": "beach",
        "supervised": "interval",
        "@geometry": "center"
      },
      "geometry": {
        "type": "Point",
        "coordinates": [
          -1.5555127,
          43.4882982
        ]
      },
      "id": "way/156866495"
    },
    {
      "type": "Feature",
      "properties": {
        "@id": "way/158536815",
        "natural": "beach",
        "surface": "sand",
        "@geometry": "center"
      },
      "geometry": {
        "type": "Point",
        "coordinates": [
          -0.2227242,
          49.2740946
        ]
      },
      "id": "way/158536815"
    },
    {
      "type": "Feature",
      "properties": {
        "@id": "way/158551155",
        "natural": "beach",
        "surface": "sand",
        "@geometry": "center"
      },
      "geometry": {
        "type": "Point",
        "coordinates": [
          -0.2250909,
          49.2809094
        ]
      },
      "id": "way/158551155"
    },
    {
      "type": "Feature",
      "properties": {
        "@id": "way/158613027",
        "natural": "beach",
        "surface": "sand",
        "@geometry": "center"
      },
      "geometry": {
        "type": "Point",
        "coordinates": [
          -0.236476,
          49.2777108
        ]
      },
      "id": "way/158613027"
    },
    {
      "type": "Feature",
      "properties": {
        "@id": "way/159148024",
        "access": "yes",
        "name": "Plage des Jeunes",
        "natural": "beach",
        "@geometry": "center"
      },
      "geometry": {
        "type": "Point",
        "coordinates": [
          7.3203672,
          43.7030469
        ]
      },
      "id": "way/159148024"
    },
    {
      "type": "Feature",
      "properties": {
        "@id": "way/159148025",
        "access": "yes",
        "name": "Plage des Marinières",
        "natural": "beach",
        "surface": "sand",
        "wikidata": "Q129211856",
        "@geometry": "center"
      },
      "geometry": {
        "type": "Point",
        "coordinates": [
          7.3175562,
          43.7051795
        ]
      },
      "id": "way/159148025"
    },
    {
      "type": "Feature",
      "properties": {
        "@id": "way/161971394",
        "dog": "no",
        "name": "La plage des Engraviers",
        "natural": "beach",
        "supervised": "no",
        "surface": "pebblestone",
        "@geometry": "center"
      },
      "geometry": {
        "type": "Point",
        "coordinates": [
          5.7260725,
          43.1369134
        ]
      },
      "id": "way/161971394"
    },
    {
      "type": "Feature",
      "properties": {
        "@id": "way/162327882",
        "name": "Plage de Crac'h zu",
        "natural": "beach",
        "@geometry": "center"
      },
      "geometry": {
        "type": "Point",
        "coordinates": [
          -4.1058829,
          48.6934393
        ]
      },
      "id": "way/162327882"
    },
    {
      "type": "Feature",
      "properties": {
        "@id": "way/163078411",
        "name": "Plage du Laber",
        "natural": "beach",
        "@geometry": "center"
      },
      "geometry": {
        "type": "Point",
        "coordinates": [
          -4.0066034,
          48.7202146
        ]
      },
      "id": "way/163078411"
    },
    {
      "type": "Feature",
      "properties": {
        "@id": "way/163079177",
        "name": "Plage des Cures",
        "natural": "beach",
        "@geometry": "center"
      },
      "geometry": {
        "type": "Point",
        "coordinates": [
          -4.0073221,
          48.7248785
        ]
      },
      "id": "way/163079177"
    },
    {
      "type": "Feature",
      "properties": {
        "@id": "way/163080878",
        "name": "Plage Sainte-Anne",
        "name:br": "Traezhenn Santez Anna",
        "name:fr": "Plage Sainte-Anne",
        "natural": "beach",
        "@geometry": "center"
      },
      "geometry": {
        "type": "Point",
        "coordinates": [
          -3.9638624,
          48.6895513
        ]
      },
      "id": "way/163080878"
    },
    {
      "type": "Feature",
      "properties": {
        "@id": "way/163807397",
        "dog": "yes",
        "name": "Plage du Port d'Alon",
        "natural": "beach",
        "surface": "pebblestone",
        "@geometry": "center"
      },
      "geometry": {
        "type": "Point",
        "coordinates": [
          5.7097216,
          43.1473797
        ]
      },
      "id": "way/163807397"
    },
    {
      "type": "Feature",
      "properties": {
        "@id": "way/163807398",
        "fixme": "Pas très sûr de l'orthographe du nom",
        "name": "Calanque de Jeffrey",
        "natural": "beach",
        "@geometry": "center"
      },
      "geometry": {
        "type": "Point",
        "coordinates": [
          5.7075662,
          43.1466717
        ]
      },
      "id": "way/163807398"
    },
    {
      "type": "Feature",
      "properties": {
        "@id": "way/163807399",
        "name": "Plage de la Moutte",
        "natural": "beach",
        "@geometry": "center"
      },
      "geometry": {
        "type": "Point",
        "coordinates": [
          5.719558,
          43.1473597
        ]
      },
      "id": "way/163807399"
    },
    {
      "type": "Feature",
      "properties": {
        "@id": "way/164439223",
        "access": "yes",
        "name": "Plage du Kelenn",
        "name:br": "Traezhenn ar C'helenn",
        "name:fr": "Plage du Kelenn",
        "natural": "beach",
        "surface": "sand",
        "@geometry": "center"
      },
      "geometry": {
        "type": "Point",
        "coordinates": [
          -3.9091884,
          48.6695119
        ]
      },
      "id": "way/164439223"
    },
    {
      "type": "Feature",
      "properties": {
        "@id": "way/165192391",
        "dog": "no",
        "name": "Plage des Capucins",
        "natural": "beach",
        "sand_grade": "very_coarse",
        "smoking": "no",
        "surface": "sand",
        "@geometry": "center"
      },
      "geometry": {
        "type": "Point",
        "coordinates": [
          5.6143691,
          43.1816425
        ]
      },
      "id": "way/165192391"
    },
    {
      "type": "Feature",
      "properties": {
        "@id": "way/165293280",
        "name": "Calanque de Figuerolles",
        "natural": "beach",
        "surface": "pebblestone",
        "website": "https://en.plages.tv/detail/figuerolles-calanque-la-ciotat-13600",
        "@geometry": "center"
      },
      "geometry": {
        "type": "Point",
        "coordinates": [
          5.5972836,
          43.1669516
        ]
      },
      "id": "way/165293280"
    },
    {
      "type": "Feature",
      "properties": {
        "@id": "way/165293281",
        "alt_name": "Grand Mugel Calanque",
        "name": "Plage Calanque du Grand Mugel",
        "natural": "beach",
        "source": "data.visitprovence.com 2012",
        "@geometry": "center"
      },
      "geometry": {
        "type": "Point",
        "coordinates": [
          5.6060565,
          43.1662409
        ]
      },
      "id": "way/165293281"
    },
    {
      "type": "Feature",
      "properties": {
        "@id": "way/166482963",
        "dog": "no",
        "name": "Plage d'Eden Roc",
        "natural": "beach",
        "supervised": "no",
        "surface": "pebblestone",
        "@geometry": "center"
      },
      "geometry": {
        "type": "Point",
        "coordinates": [
          5.7443987,
          43.1351125
        ]
      },
      "id": "way/166482963"
    },
    {
      "type": "Feature",
      "properties": {
        "@id": "way/166482964",
        "dog": "no",
        "name": "Plage du Barry",
        "natural": "beach",
        "supervised": "no",
        "surface": "pebblestone",
        "@geometry": "center"
      },
      "geometry": {
        "type": "Point",
        "coordinates": [
          5.742341,
          43.1349082
        ]
      },
      "id": "way/166482964"
    },
    {
      "type": "Feature",
      "properties": {
        "@id": "way/167874945",
        "natural": "beach",
        "@geometry": "center"
      },
      "geometry": {
        "type": "Point",
        "coordinates": [
          -4.0642177,
          48.6870009
        ]
      },
      "id": "way/167874945"
    },
    {
      "type": "Feature",
      "properties": {
        "@id": "way/168993994",
        "addr:city": "Villeneuve-Loubet",
        "name": "Plage publique du Centre Nautique",
        "natural": "beach",
        "surface": "pebblestone",
        "@geometry": "center"
      },
      "geometry": {
        "type": "Point",
        "coordinates": [
          7.1418812,
          43.6392775
        ]
      },
      "id": "way/168993994"
    },
    {
      "type": "Feature",
      "properties": {
        "@id": "way/172956959",
        "natural": "beach",
        "source": "Ortho GéoLittoral 2000",
        "@geometry": "center"
      },
      "geometry": {
        "type": "Point",
        "coordinates": [
          -3.0051821,
          48.8593846
        ]
      },
      "id": "way/172956959"
    },
    {
      "type": "Feature",
      "properties": {
        "@id": "way/173519320",
        "natural": "beach",
        "@geometry": "center"
      },
      "geometry": {
        "type": "Point",
        "coordinates": [
          8.8040472,
          42.5785093
        ]
      },
      "id": "way/173519320"
    },
    {
      "type": "Feature",
      "properties": {
        "@id": "way/173519321",
        "name": "Sainte-Restitude",
        "natural": "beach",
        "@geometry": "center"
      },
      "geometry": {
        "type": "Point",
        "coordinates": [
          8.8039862,
          42.5695033
        ]
      },
      "id": "way/173519321"
    },
    {
      "type": "Feature",
      "properties": {
        "@id": "way/175149612",
        "natural": "beach",
        "surface": "sand",
        "@geometry": "center"
      },
      "geometry": {
        "type": "Point",
        "coordinates": [
          0.0507627,
          49.3517075
        ]
      },
      "id": "way/175149612"
    },
    {
      "type": "Feature",
      "properties": {
        "@id": "way/178364189",
        "natural": "beach",
        "surface": "pebblestone",
        "@geometry": "center"
      },
      "geometry": {
        "type": "Point",
        "coordinates": [
          7.1311021,
          43.6205199
        ]
      },
      "id": "way/178364189"
    },
    {
      "type": "Feature",
      "properties": {
        "@id": "way/179364332",
        "natural": "beach",
        "@geometry": "center"
      },
      "geometry": {
        "type": "Point",
        "coordinates": [
          -1.209416,
          49.4452051
        ]
      },
      "id": "way/179364332"
    },
    {
      "type": "Feature",
      "properties": {
        "@id": "way/180167311",
        "access": "yes",
        "name": "Plage de la Péguière",
        "natural": "beach",
        "surface": "sand",
        "@geometry": "center"
      },
      "geometry": {
        "type": "Point",
        "coordinates": [
          6.798233,
          43.4138431
        ]
      },
      "id": "way/180167311"
    },
    {
      "type": "Feature",
      "properties": {
        "@id": "way/183134272",
        "access": "yes",
        "description": "Dernière plage du quartier de la Chambre d’Amour, la plage des Sables d’Or a toutes les caractéristiques d’une plage urbaine. Entourée de plus d’une quarantaine de bars-restaurants, elle est fréquentée tout au long de l’année.",
        "lifeguard": "yes",
        "name": "Plage des Sables d'Or",
        "name:eu": "Urrezko hondartza",
        "natural": "beach",
        "opening_hours:lifeguard": "Jun 15-Jun 30: 12:00-18:00; Jul 01-Sep 01: 10:30-19:00; Sep 02-Sep 15: 12:00-18:00",
        "source:name:eu": "Euskaltzaindia",
        "surface": "sand",
        "website": "https://www.anglet-tourisme.com/fr/pratique/webcams.php",
        "@geometry": "center"
      },
      "geometry": {
        "type": "Point",
        "coordinates": [
          -1.5418759,
          43.5016206
        ]
      },
      "id": "way/183134272"
    },
    {
      "type": "Feature",
      "properties": {
        "@id": "way/183134273",
        "access": "yes",
        "description": "Petite plage encaissée entre deux épis, elle a la particularité d’être très fréquentée à marée basse, la marée haute la recouvrant entièrement. La baignade n'y est pas surveillée.",
        "lifeguard": "no",
        "name": "Plage du Club",
        "name:eu": "Klubeko hondartza",
        "natural": "beach",
        "surface": "sand",
        "website": "https://www.anglet-tourisme.com/fr/pratique/webcams.php",
        "@geometry": "center"
      },
      "geometry": {
        "type": "Point",
        "coordinates": [
          -1.5439558,
          43.4992842
        ]
      },
      "id": "way/183134273"
    },
    {
      "type": "Feature",
      "properties": {
        "@id": "way/183134274",
        "description": "La plage de l’Océan est terre de contrastes. Le blockhaus, vestige de la dernière guerre, marque le lien entre la beauté verdoyante du golf de Chiberta et l’immensité de l’étendue de sable blond. C’est l’une des plages les plus « sauvages ».",
        "lifeguard": "yes",
        "name": "Plage de l'Océan",
        "name:eu": "Itsasoko hondartza",
        "natural": "beach",
        "nudism": "yes",
        "opening_hours:lifeguard": "Jul 06-Sep 01: 10:30-19:00",
        "source:name:eu": "Euskaltzaindia",
        "surface": "sand",
        "website": "https://www.anglet-tourisme.com/fr/pratique/webcams.php",
        "@geometry": "center"
      },
      "geometry": {
        "type": "Point",
        "coordinates": [
          -1.5319064,
          43.5143635
        ]
      },
      "id": "way/183134274"
    },
    {
      "type": "Feature",
      "properties": {
        "@id": "way/183134275",
        "access": "yes",
        "description": "Longue plage bordée de digues, Marinella est la plus cosmopolite, fréquentée par une clientèle des plus variées. Familles, enfants et surfeurs, débutants à confirmés se rendent naturellement vers cet espace privilégié.",
        "lifeguard": "yes",
        "name": "Plage de Marinella",
        "name:eu": "Mariñela",
        "natural": "beach",
        "opening_hours:lifeguard": "Apr 06-Jun 30: 12:00-18:00; Jul 01-Sep 01: 10:30-19:00; Sep 02-Oct 27: 12:00-18:00; Oct 28-Nov 03: 12:00-17:00",
        "source:name:eu": "Euskaltzaindia",
        "surface": "sand",
        "website": "https://www.anglet-tourisme.com/fr/pratique/webcams.php",
        "@geometry": "center"
      },
      "geometry": {
        "type": "Point",
        "coordinates": [
          -1.5396097,
          43.5044035
        ]
      },
      "id": "way/183134275"
    },
    {
      "type": "Feature",
      "properties": {
        "@id": "way/183134276",
        "access": "yes",
        "description": "Située au nord de la station, la Barre est marquée par la proximité de l’embouchure de l’Adour. Elle est aussi la plus petite d’Anglet. Très encaissée entre deux longs épis, elle est la plus calme du littoral.",
        "lifeguard": "yes",
        "name": "Plage de la Barre",
        "name:eu": "Barrako hondartza",
        "natural": "beach",
        "opening_hours:lifeguard": "Jul 06-Sep 01: 10:30-19:00",
        "source:name:eu": "Euskaltzaindia",
        "surface": "sand",
        "website": "https://www.anglet-tourisme.com/fr/pratique/webcams.php",
        "@geometry": "center"
      },
      "geometry": {
        "type": "Point",
        "coordinates": [
          -1.5242104,
          43.5259525
        ]
      },
      "id": "way/183134276"
    },
    {
      "type": "Feature",
      "properties": {
        "@id": "way/189051130",
        "natural": "beach",
        "@geometry": "center"
      },
      "geometry": {
        "type": "Point",
        "coordinates": [
          -4.1546106,
          48.6916152
        ]
      },
      "id": "way/189051130"
    },
    {
      "type": "Feature",
      "properties": {
        "@id": "way/195421511",
        "natural": "beach",
        "@geometry": "center"
      },
      "geometry": {
        "type": "Point",
        "coordinates": [
          -1.5971296,
          49.0364878
        ]
      },
      "id": "way/195421511"
    },
    {
      "type": "Feature",
      "properties": {
        "@id": "way/195735803",
        "natural": "beach",
        "@geometry": "center"
      },
      "geometry": {
        "type": "Point",
        "coordinates": [
          -1.5982228,
          49.1233902
        ]
      },
      "id": "way/195735803"
    },
    {
      "type": "Feature",
      "properties": {
        "@id": "way/196528392",
        "natural": "beach",
        "surface": "sand",
        "@geometry": "center"
      },
      "geometry": {
        "type": "Point",
        "coordinates": [
          -1.6057445,
          49.0639267
        ]
      },
      "id": "way/196528392"
    },
    {
      "type": "Feature",
      "properties": {
        "@id": "way/196528396",
        "natural": "beach",
        "@geometry": "center"
      },
      "geometry": {
        "type": "Point",
        "coordinates": [
          -1.6099832,
          49.0782232
        ]
      },
      "id": "way/196528396"
    },
    {
      "type": "Feature",
      "properties": {
        "@id": "way/198334177",
        "natural": "beach",
        "surface": "sand",
        "@geometry": "center"
      },
      "geometry": {
        "type": "Point",
        "coordinates": [
          -1.6077449,
          49.0990771
        ]
      },
      "id": "way/198334177"
    },
    {
      "type": "Feature",
      "properties": {
        "@id": "way/201021504",
        "lifeguard": "no",
        "name": "Bains Militaires",
        "natural": "beach",
        "supervised": "no",
        "surface": "pebblestone",
        "@geometry": "center"
      },
      "geometry": {
        "type": "Point",
        "coordinates": [
          7.2904685,
          43.6923568
        ]
      },
      "id": "way/201021504"
    },
    {
      "type": "Feature",
      "properties": {
        "@id": "way/202965913",
        "natural": "beach",
        "@geometry": "center"
      },
      "geometry": {
        "type": "Point",
        "coordinates": [
          -1.5966814,
          49.1553264
        ]
      },
      "id": "way/202965913"
    },
    {
      "type": "Feature",
      "properties": {
        "@id": "way/208693406",
        "name": "Plage du Lido",
        "natural": "beach",
        "source": "Bing",
        "@geometry": "center"
      },
      "geometry": {
        "type": "Point",
        "coordinates": [
          5.7763036,
          43.1361575
        ]
      },
      "id": "way/208693406"
    },
    {
      "type": "Feature",
      "properties": {
        "@id": "way/208693407",
        "dog": "no",
        "lifeguard": "yes",
        "name": "Plage du Casino",
        "natural": "beach",
        "smoking": "no",
        "surface": "sand",
        "@geometry": "center"
      },
      "geometry": {
        "type": "Point",
        "coordinates": [
          5.7628812,
          43.1372611
        ]
      },
      "id": "way/208693407"
    },
    {
      "type": "Feature",
      "properties": {
        "@id": "way/210669778",
        "name": "Plage de la Roya",
        "name:it": "Posteggio spiaggia",
        "natural": "beach",
        "@geometry": "center"
      },
      "geometry": {
        "type": "Point",
        "coordinates": [
          9.2952594,
          42.6762868
        ]
      },
      "id": "way/210669778"
    },
    {
      "type": "Feature",
      "properties": {
        "@id": "way/225657889",
        "natural": "beach",
        "@geometry": "center"
      },
      "geometry": {
        "type": "Point",
        "coordinates": [
          9.3058682,
          41.5917235
        ]
      },
      "id": "way/225657889"
    },
    {
      "type": "Feature",
      "properties": {
        "@id": "way/225996297",
        "name": "Plage de la Paloma",
        "name:en": "Plage Paloma Beach",
        "natural": "beach",
        "surface": "gravel",
        "wikidata": "Q53848443",
        "@geometry": "center"
      },
      "geometry": {
        "type": "Point",
        "coordinates": [
          7.342099,
          43.6861763
        ]
      },
      "id": "way/225996297"
    },
    {
      "type": "Feature",
      "properties": {
        "@id": "way/227169170",
        "name": "Plage Saint Antoine (Pertusato)",
        "natural": "beach",
        "surface": "gravel;sand",
        "@geometry": "center"
      },
      "geometry": {
        "type": "Point",
        "coordinates": [
          9.1822822,
          41.3667824
        ]
      },
      "id": "way/227169170"
    },
    {
      "type": "Feature",
      "properties": {
        "@id": "way/227845072",
        "dog": "no",
        "lifeguard": "yes",
        "name": "Plage du Grand Vallat",
        "natural": "beach",
        "smoking": "no",
        "surface": "sand",
        "@geometry": "center"
      },
      "geometry": {
        "type": "Point",
        "coordinates": [
          5.7682138,
          43.1390261
        ]
      },
      "id": "way/227845072"
    },
    {
      "type": "Feature",
      "properties": {
        "@id": "way/230555141",
        "natural": "beach",
        "surface": "sand",
        "@geometry": "center"
      },
      "geometry": {
        "type": "Point",
        "coordinates": [
          -3.9066874,
          48.669683
        ]
      },
      "id": "way/230555141"
    },
    {
      "type": "Feature",
      "properties": {
        "@id": "way/231891488",
        "natural": "beach",
        "@geometry": "center"
      },
      "geometry": {
        "type": "Point",
        "coordinates": [
          -4.1649107,
          48.6890747
        ]
      },
      "id": "way/231891488"
    },
    {
      "type": "Feature",
      "properties": {
        "@id": "way/231891489",
        "name": "Les Amiets",
        "natural": "beach",
        "@geometry": "center"
      },
      "geometry": {
        "type": "Point",
        "coordinates": [
          -4.1422791,
          48.6940152
        ]
      },
      "id": "way/231891489"
    },
    {
      "type": "Feature",
      "properties": {
        "@id": "way/232251836",
        "addr:city": "Cagnes-sur-Mer",
        "name": "Plage de l’Hippodrome",
        "natural": "beach",
        "surface": "pebblestone",
        "wikidata": "Q129211884",
        "@geometry": "center"
      },
      "geometry": {
        "type": "Point",
        "coordinates": [
          7.1490675,
          43.6471361
        ]
      },
      "id": "way/232251836"
    },
    {
      "type": "Feature",
      "properties": {
        "@id": "way/232799446",
        "name": "Plage de Pors Hir",
        "natural": "beach",
        "surface": "sand",
        "@geometry": "center"
      },
      "geometry": {
        "type": "Point",
        "coordinates": [
          -3.2173397,
          48.8638967
        ]
      },
      "id": "way/232799446"
    },
    {
      "type": "Feature",
      "properties": {
        "@id": "way/232900318",
        "natural": "beach",
        "@geometry": "center"
      },
      "geometry": {
        "type": "Point",
        "coordinates": [
          -4.0850485,
          48.6911275
        ]
      },
      "id": "way/232900318"
    },
    {
      "type": "Feature",
      "properties": {
        "@id": "way/232900322",
        "natural": "beach",
        "surface": "sand",
        "@geometry": "center"
      },
      "geometry": {
        "type": "Point",
        "coordinates": [
          -4.0801659,
          48.690567
        ]
      },
      "id": "way/232900322"
    },
    {
      "type": "Feature",
      "properties": {
        "@id": "way/232971006",
        "natural": "beach",
        "surface": "sand",
        "@geometry": "center"
      },
      "geometry": {
        "type": "Point",
        "coordinates": [
          -1.4638251,
          43.6171634
        ]
      },
      "id": "way/232971006"
    },
    {
      "type": "Feature",
      "properties": {
        "@id": "way/233344667",
        "name": "Plage Centrale",
        "natural": "beach",
        "surface": "sand",
        "wikimedia_commons": "File:Plage de Capbreton D160924.jpg",
        "@geometry": "center"
      },
      "geometry": {
        "type": "Point",
        "coordinates": [
          -1.4460074,
          43.6516532
        ]
      },
      "id": "way/233344667"
    },
    {
      "type": "Feature",
      "properties": {
        "@id": "way/234880669",
        "natural": "beach",
        "@geometry": "center"
      },
      "geometry": {
        "type": "Point",
        "coordinates": [
          8.8918449,
          41.673724
        ]
      },
      "id": "way/234880669"
    },
    {
      "type": "Feature",
      "properties": {
        "@id": "way/234880671",
        "natural": "beach",
        "@geometry": "center"
      },
      "geometry": {
        "type": "Point",
        "coordinates": [
          8.909259,
          41.6779053
        ]
      },
      "id": "way/234880671"
    },
    {
      "type": "Feature",
      "properties": {
        "@id": "way/234880672",
        "name": "Plage de Baracci",
        "natural": "beach",
        "@geometry": "center"
      },
      "geometry": {
        "type": "Point",
        "coordinates": [
          8.9152745,
          41.6864439
        ]
      },
      "id": "way/234880672"
    },
    {
      "type": "Feature",
      "properties": {
        "@id": "way/234881039",
        "access": "no",
        "name": "Sutta Rocca",
        "natural": "beach",
        "surface": "gravel",
        "@geometry": "center"
      },
      "geometry": {
        "type": "Point",
        "coordinates": [
          9.1608808,
          41.3866918
        ]
      },
      "id": "way/234881039"
    },
    {
      "type": "Feature",
      "properties": {
        "@id": "way/237539766",
        "description": "Plage",
        "natural": "beach",
        "@geometry": "center"
      },
      "geometry": {
        "type": "Point",
        "coordinates": [
          -4.0050546,
          48.7264514
        ]
      },
      "id": "way/237539766"
    },
    {
      "type": "Feature",
      "properties": {
        "@id": "way/243356000",
        "name": "Plage de Perharidy",
        "name:br": "Traezhenn Perc'haridi",
        "name:fr": "Plage de Perharidy",
        "natural": "beach",
        "source:name": "cadastre-dgi-fr source : Direction Générale des Impôts - Cadastre. Mise à jour : 2010",
        "@geometry": "center"
      },
      "geometry": {
        "type": "Point",
        "coordinates": [
          -4.0097879,
          48.7209914
        ]
      },
      "id": "way/243356000"
    },
    {
      "type": "Feature",
      "properties": {
        "@id": "way/243356003",
        "natural": "beach",
        "@geometry": "center"
      },
      "geometry": {
        "type": "Point",
        "coordinates": [
          -3.9964536,
          48.7134502
        ]
      },
      "id": "way/243356003"
    },
    {
      "type": "Feature",
      "properties": {
        "@id": "way/243356005",
        "name": "Plage du Pouldu",
        "name:br": "Traezhenn ar Pouldu",
        "name:fr": "Plage du Pouldu",
        "natural": "beach",
        "source:name:br": "proper translation",
        "@geometry": "center"
      },
      "geometry": {
        "type": "Point",
        "coordinates": [
          -4.0197769,
          48.7140811
        ]
      },
      "id": "way/243356005"
    },
    {
      "type": "Feature",
      "properties": {
        "@id": "way/243592671",
        "natural": "beach",
        "@geometry": "center"
      },
      "geometry": {
        "type": "Point",
        "coordinates": [
          -3.2551469,
          48.8443999
        ]
      },
      "id": "way/243592671"
    },
    {
      "type": "Feature",
      "properties": {
        "@id": "way/243592673",
        "natural": "beach",
        "@geometry": "center"
      },
      "geometry": {
        "type": "Point",
        "coordinates": [
          -3.2569549,
          48.8464034
        ]
      },
      "id": "way/243592673"
    },
    {
      "type": "Feature",
      "properties": {
        "@id": "way/258074739",
        "natural": "beach",
        "@geometry": "center"
      },
      "geometry": {
        "type": "Point",
        "coordinates": [
          -1.1707625,
          49.4108106
        ]
      },
      "id": "way/258074739"
    },
    {
      "type": "Feature",
      "properties": {
        "@id": "way/258182785",
        "natural": "beach",
        "surface": "sand",
        "@geometry": "center"
      },
      "geometry": {
        "type": "Point",
        "coordinates": [
          -1.1891629,
          49.4291589
        ]
      },
      "id": "way/258182785"
    },
    {
      "type": "Feature",
      "properties": {
        "@id": "way/258237585",
        "natural": "beach",
        "@geometry": "center"
      },
      "geometry": {
        "type": "Point",
        "coordinates": [
          -1.201569,
          49.4391896
        ]
      },
      "id": "way/258237585"
    },
    {
      "type": "Feature",
      "properties": {
        "@id": "way/258283241",
        "natural": "beach",
        "@geometry": "center"
      },
      "geometry": {
        "type": "Point",
        "coordinates": [
          -1.2224674,
          49.4561552
        ]
      },
      "id": "way/258283241"
    },
    {
      "type": "Feature",
      "properties": {
        "@id": "way/258295789",
        "natural": "beach",
        "@geometry": "center"
      },
      "geometry": {
        "type": "Point",
        "coordinates": [
          -1.2401121,
          49.4709657
        ]
      },
      "id": "way/258295789"
    },
    {
      "type": "Feature",
      "properties": {
        "@id": "way/258303677",
        "natural": "beach",
        "@geometry": "center"
      },
      "geometry": {
        "type": "Point",
        "coordinates": [
          -1.2544568,
          49.483847
        ]
      },
      "id": "way/258303677"
    },
    {
      "type": "Feature",
      "properties": {
        "@id": "way/258320478",
        "natural": "beach",
        "surface": "sand",
        "@geometry": "center"
      },
      "geometry": {
        "type": "Point",
        "coordinates": [
          -1.2666819,
          49.4963604
        ]
      },
      "id": "way/258320478"
    },
    {
      "type": "Feature",
      "properties": {
        "@id": "way/258423189",
        "name": "Plage de Portigliolo",
        "natural": "beach",
        "@geometry": "center"
      },
      "geometry": {
        "type": "Point",
        "coordinates": [
          8.8749855,
          41.6534019
        ]
      },
      "id": "way/258423189"
    },
    {
      "type": "Feature",
      "properties": {
        "@id": "way/258424460",
        "name": "Plage de Capu Laurosu",
        "natural": "beach",
        "@geometry": "center"
      },
      "geometry": {
        "type": "Point",
        "coordinates": [
          8.8807371,
          41.6660325
        ]
      },
      "id": "way/258424460"
    },
    {
      "type": "Feature",
      "properties": {
        "@id": "way/262833484",
        "natural": "beach",
        "@geometry": "center"
      },
      "geometry": {
        "type": "Point",
        "coordinates": [
          -0.7985784,
          49.3542236
        ]
      },
      "id": "way/262833484"
    },
    {
      "type": "Feature",
      "properties": {
        "@id": "way/266360760",
        "name": "Plage de la Lune",
        "natural": "beach",
        "surface": "rock",
        "@geometry": "center"
      },
      "geometry": {
        "type": "Point",
        "coordinates": [
          9.1738783,
          41.3780923
        ]
      },
      "id": "way/266360760"
    },
    {
      "type": "Feature",
      "properties": {
        "@id": "way/266679280",
        "natural": "beach",
        "@geometry": "center"
      },
      "geometry": {
        "type": "Point",
        "coordinates": [
          -2.9943327,
          48.8496829
        ]
      },
      "id": "way/266679280"
    },
    {
      "type": "Feature",
      "properties": {
        "@id": "way/270789768",
        "natural": "beach",
        "surface": "sand",
        "tidal": "yes",
        "@geometry": "center"
      },
      "geometry": {
        "type": "Point",
        "coordinates": [
          -3.0800759,
          48.8482942
        ]
      },
      "id": "way/270789768"
    },
    {
      "type": "Feature",
      "properties": {
        "@id": "way/270789773",
        "natural": "beach",
        "@geometry": "center"
      },
      "geometry": {
        "type": "Point",
        "coordinates": [
          -3.0779749,
          48.8490727
        ]
      },
      "id": "way/270789773"
    },
    {
      "type": "Feature",
      "properties": {
        "@id": "way/281098840",
        "natural": "beach",
        "@geometry": "center"
      },
      "geometry": {
        "type": "Point",
        "coordinates": [
          -0.5823119,
          49.3419597
        ]
      },
      "id": "way/281098840"
    },
    {
      "type": "Feature",
      "properties": {
        "@id": "way/281105490",
        "natural": "beach",
        "@geometry": "center"
      },
      "geometry": {
        "type": "Point",
        "coordinates": [
          -0.5979062,
          49.3403234
        ]
      },
      "id": "way/281105490"
    },
    {
      "type": "Feature",
      "properties": {
        "@id": "way/281179030",
        "natural": "beach",
        "@geometry": "center"
      },
      "geometry": {
        "type": "Point",
        "coordinates": [
          -0.6218085,
          49.3404887
        ]
      },
      "id": "way/281179030"
    },
    {
      "type": "Feature",
      "properties": {
        "@id": "way/281179031",
        "natural": "beach",
        "@geometry": "center"
      },
      "geometry": {
        "type": "Point",
        "coordinates": [
          -0.6236709,
          49.3405415
        ]
      },
      "id": "way/281179031"
    },
    {
      "type": "Feature",
      "properties": {
        "@id": "way/281179033",
        "natural": "beach",
        "@geometry": "center"
      },
      "geometry": {
        "type": "Point",
        "coordinates": [
          -0.6205409,
          49.3405158
        ]
      },
      "id": "way/281179033"
    },
    {
      "type": "Feature",
      "properties": {
        "@id": "way/281179034",
        "natural": "beach",
        "@geometry": "center"
      },
      "geometry": {
        "type": "Point",
        "coordinates": [
          -0.619572,
          49.3405136
        ]
      },
      "id": "way/281179034"
    },
    {
      "type": "Feature",
      "properties": {
        "@id": "way/281356343",
        "name": "Plage Sampiero",
        "natural": "beach",
        "surface": "sand",
        "@geometry": "center"
      },
      "geometry": {
        "type": "Point",
        "coordinates": [
          8.9139384,
          41.6800176
        ]
      },
      "id": "way/281356343"
    },
    {
      "type": "Feature",
      "properties": {
        "@id": "way/282928651",
        "name": "Plage d'Olmeto",
        "name:fr": "Plage d'Olmeto",
        "natural": "beach",
        "source": "Bing",
        "@geometry": "center"
      },
      "geometry": {
        "type": "Point",
        "coordinates": [
          8.8839605,
          41.6923433
        ]
      },
      "id": "way/282928651"
    },
    {
      "type": "Feature",
      "properties": {
        "@id": "way/282928652",
        "natural": "beach",
        "source": "Bing",
        "@geometry": "center"
      },
      "geometry": {
        "type": "Point",
        "coordinates": [
          8.8920671,
          41.6899702
        ]
      },
      "id": "way/282928652"
    },
    {
      "type": "Feature",
      "properties": {
        "@id": "way/282929206",
        "natural": "beach",
        "source": "Bing",
        "@geometry": "center"
      },
      "geometry": {
        "type": "Point",
        "coordinates": [
          8.8790181,
          41.6956177
        ]
      },
      "id": "way/282929206"
    },
    {
      "type": "Feature",
      "properties": {
        "@id": "way/282932469",
        "name": "Plage du Ruesco",
        "natural": "beach",
        "source": "Bing",
        "@geometry": "center"
      },
      "geometry": {
        "type": "Point",
        "coordinates": [
          8.870976,
          41.6957595
        ]
      },
      "id": "way/282932469"
    },
    {
      "type": "Feature",
      "properties": {
        "@id": "way/288238227",
        "natural": "beach",
        "surface": "sand",
        "@geometry": "center"
      },
      "geometry": {
        "type": "Point",
        "coordinates": [
          7.1437951,
          43.6413396
        ]
      },
      "id": "way/288238227"
    },
    {
      "type": "Feature",
      "properties": {
        "@id": "way/289290648",
        "name": "Plage de la Pescade",
        "natural": "beach",
        "@geometry": "center"
      },
      "geometry": {
        "type": "Point",
        "coordinates": [
          6.814495,
          43.4156472
        ]
      },
      "id": "way/289290648"
    },
    {
      "type": "Feature",
      "properties": {
        "@id": "node/289544481",
        "name": "Beg ar Ouen",
        "natural": "beach"
      },
      "geometry": {
        "type": "Point",
        "coordinates": [
          -2.9834637,
          48.8622843
        ]
      },
      "id": "node/289544481"
    },
    {
      "type": "Feature",
      "properties": {
        "@id": "node/289544491",
        "name": "Aod ar Ouis",
        "name:br": "Aod ar Wiz",
        "name:fr": "Aod ar Ouis",
        "natural": "beach",
        "source": "ofis publik ar brezhoneg",
        "source:name:br": "ofis publik ar brezhoneg"
      },
      "geometry": {
        "type": "Point",
        "coordinates": [
          -2.9924633,
          48.8593254
        ]
      },
      "id": "node/289544491"
    },
    {
      "type": "Feature",
      "properties": {
        "@id": "way/291534533",
        "name": "Plage de l'Alga",
        "natural": "beach",
        "@geometry": "center"
      },
      "geometry": {
        "type": "Point",
        "coordinates": [
          8.7275085,
          42.5613877
        ]
      },
      "id": "way/291534533"
    },
    {
      "type": "Feature",
      "properties": {
        "@id": "way/299956560",
        "natural": "beach",
        "source": "Bing",
        "@geometry": "center"
      },
      "geometry": {
        "type": "Point",
        "coordinates": [
          -3.0367596,
          48.8614822
        ]
      },
      "id": "way/299956560"
    },
    {
      "type": "Feature",
      "properties": {
        "@id": "way/299956561",
        "natural": "beach",
        "source": "Bing",
        "@geometry": "center"
      },
      "geometry": {
        "type": "Point",
        "coordinates": [
          -3.0336538,
          48.8632487
        ]
      },
      "id": "way/299956561"
    },
    {
      "type": "Feature",
      "properties": {
        "@id": "way/299956562",
        "natural": "beach",
        "source": "Bing",
        "@geometry": "center"
      },
      "geometry": {
        "type": "Point",
        "coordinates": [
          -3.0441536,
          48.8594933
        ]
      },
      "id": "way/299956562"
    },
    {
      "type": "Feature",
      "properties": {
        "@id": "way/300003345",
        "lifeguard": "no",
        "name": "Roc'h Hir",
        "name:br": "Roc'h Hir",
        "name:fr": "Roc'h Hir",
        "natural": "beach",
        "supervised": "no",
        "@geometry": "center"
      },
      "geometry": {
        "type": "Point",
        "coordinates": [
          -3.0670689,
          48.8217255
        ]
      },
      "id": "way/300003345"
    },
    {
      "type": "Feature",
      "properties": {
        "@id": "way/300003358",
        "natural": "beach",
        "surface": "pebblestone",
        "@geometry": "center"
      },
      "geometry": {
        "type": "Point",
        "coordinates": [
          -3.0158183,
          48.810104
        ]
      },
      "id": "way/300003358"
    },
    {
      "type": "Feature",
      "properties": {
        "@id": "way/303968639",
        "addr:city": "Tarnos",
        "addr:postcode": "40220",
        "description": "Plage de sable fin, bordée par une dune. Baignade surveillée en été. Services à proximité",
        "mapillary": "359536415593534",
        "name": "Plage de la Digue",
        "natural": "beach",
        "nudism": "yes",
        "supervised": "Jul 03-Aug 29: 31 11:00-19:00",
        "surface": "sand",
        "wheelchair": "limited",
        "wheelchair:description": "Il est possible pour les personnes à mobilité réduite de s'immerger à l'aide d'un tiralo, si les conditions de baignade le permettent (juillet / août seulement)..",
        "@geometry": "center"
      },
      "geometry": {
        "type": "Point",
        "coordinates": [
          -1.5161218,
          43.5387185
        ]
      },
      "id": "way/303968639"
    },
    {
      "type": "Feature",
      "properties": {
        "@id": "way/303968640",
        "addr:city": "Tarnos",
        "addr:postcode": "40220",
        "description": "Plage de sable fin, bordée par une dune. Baignade surveillée en été. Services à proximité.",
        "lifeguard": "yes",
        "mapillary": "405460460629795",
        "name": "Plage du Métro",
        "name:oc": "Plaja deu Mètro",
        "natural": "beach",
        "nudism": "permissive",
        "opening_hours:lifeguard": "Jun 12-Jul 03,Sep 01-12: 12:00-18:30; Jul 04-Aug 31: 11:00-19:00",
        "source:name:oc": "ieo-bdtopoc",
        "surface": "sand",
        "website": "https://www.seignanx-tourisme.com",
        "wheelchair": "limited",
        "@geometry": "center"
      },
      "geometry": {
        "type": "Point",
        "coordinates": [
          -1.5050575,
          43.5534334
        ]
      },
      "id": "way/303968640"
    },
    {
      "type": "Feature",
      "properties": {
        "@id": "way/305081602",
        "natural": "beach",
        "nudism": "yes",
        "@geometry": "center"
      },
      "geometry": {
        "type": "Point",
        "coordinates": [
          5.9323707,
          43.1037675
        ]
      },
      "id": "way/305081602"
    },
    {
      "type": "Feature",
      "properties": {
        "@id": "way/305081603",
        "natural": "beach",
        "@geometry": "center"
      },
      "geometry": {
        "type": "Point",
        "coordinates": [
          5.9340632,
          43.1048727
        ]
      },
      "id": "way/305081603"
    },
    {
      "type": "Feature",
      "properties": {
        "@id": "way/305081607",
        "natural": "beach",
        "@geometry": "center"
      },
      "geometry": {
        "type": "Point",
        "coordinates": [
          5.9333356,
          43.1041647
        ]
      },
      "id": "way/305081607"
    },
    {
      "type": "Feature",
      "properties": {
        "@id": "way/320557243",
        "name": "La Grève Blanche",
        "name:br": "An Aod Wenn",
        "name:fr": "La Grève Blanche",
        "natural": "beach",
        "source:name:br": "proper translation",
        "surface": "sand",
        "wheelchair": "yes",
        "@geometry": "center"
      },
      "geometry": {
        "type": "Point",
        "coordinates": [
          -3.920673,
          48.6747946
        ]
      },
      "id": "way/320557243"
    },
    {
      "type": "Feature",
      "properties": {
        "@id": "way/320704995",
        "name": "Plage du Poul Louz",
        "name:br": "Traezhenn Poull Lous",
        "name:fr": "Plage du Poul Louz",
        "natural": "beach",
        "@geometry": "center"
      },
      "geometry": {
        "type": "Point",
        "coordinates": [
          -3.9747364,
          48.7237061
        ]
      },
      "id": "way/320704995"
    },
    {
      "type": "Feature",
      "properties": {
        "@id": "way/332270517",
        "name": "Plage de la Croisette",
        "natural": "beach",
        "surface": "sand",
        "@geometry": "center"
      },
      "geometry": {
        "type": "Point",
        "coordinates": [
          6.6264049,
          43.30096
        ]
      },
      "id": "way/332270517"
    },
    {
      "type": "Feature",
      "properties": {
        "@id": "way/332270748",
        "natural": "beach",
        "@geometry": "center"
      },
      "geometry": {
        "type": "Point",
        "coordinates": [
          6.6293347,
          43.3046107
        ]
      },
      "id": "way/332270748"
    },
    {
      "type": "Feature",
      "properties": {
        "@id": "way/333624853",
        "natural": "beach",
        "surface": "pebblestone",
        "@geometry": "center"
      },
      "geometry": {
        "type": "Point",
        "coordinates": [
          7.1709582,
          43.6571322
        ]
      },
      "id": "way/333624853"
    },
    {
      "type": "Feature",
      "properties": {
        "@id": "way/333624855",
        "access": "customers",
        "name": "Plage Carré Bleu",
        "natural": "beach",
        "surface": "pebblestone",
        "@geometry": "center"
      },
      "geometry": {
        "type": "Point",
        "coordinates": [
          7.164179,
          43.6564115
        ]
      },
      "id": "way/333624855"
    },
    {
      "type": "Feature",
      "properties": {
        "@id": "way/333624859",
        "capacity": "8",
        "natural": "beach",
        "surface": "pebblestone",
        "wikidata": "Q129211871",
        "@geometry": "center"
      },
      "geometry": {
        "type": "Point",
        "coordinates": [
          7.1693615,
          43.6574329
        ]
      },
      "id": "way/333624859"
    },
    {
      "type": "Feature",
      "properties": {
        "@id": "way/333624862",
        "natural": "beach",
        "surface": "pebblestone",
        "wikidata": "Q129211875",
        "@geometry": "center"
      },
      "geometry": {
        "type": "Point",
        "coordinates": [
          7.1593782,
          43.654415
        ]
      },
      "id": "way/333624862"
    },
    {
      "type": "Feature",
      "properties": {
        "@id": "way/333624873",
        "access": "customers",
        "name": "Plage le Cigalon",
        "natural": "beach",
        "surface": "pebblestone",
        "wheelchair": "yes",
        "@geometry": "center"
      },
      "geometry": {
        "type": "Point",
        "coordinates": [
          7.1634583,
          43.6561131
        ]
      },
      "id": "way/333624873"
    },
    {
      "type": "Feature",
      "properties": {
        "@id": "way/338053708",
        "natural": "beach",
        "@geometry": "center"
      },
      "geometry": {
        "type": "Point",
        "coordinates": [
          7.1354546,
          43.6299732
        ]
      },
      "id": "way/338053708"
    },
    {
      "type": "Feature",
      "properties": {
        "@id": "way/338053712",
        "addr:city": "Villeneuve-Loubet",
        "name": "Plage publique de la Batterie",
        "natural": "beach",
        "@geometry": "center"
      },
      "geometry": {
        "type": "Point",
        "coordinates": [
          7.1362553,
          43.631228
        ]
      },
      "id": "way/338053712"
    },
    {
      "type": "Feature",
      "properties": {
        "@id": "way/338053714",
        "access": "yes",
        "addr:city": "Villeneuve-Loubet",
        "name": "Plage de Marina",
        "natural": "beach",
        "surface": "pebblestone",
        "@geometry": "center"
      },
      "geometry": {
        "type": "Point",
        "coordinates": [
          7.1377906,
          43.6326376
        ]
      },
      "id": "way/338053714"
    },
    {
      "type": "Feature",
      "properties": {
        "@id": "way/339192637",
        "name": "Plage des Esclamandes",
        "natural": "beach",
        "@geometry": "center"
      },
      "geometry": {
        "type": "Point",
        "coordinates": [
          6.7305514,
          43.3993399
        ]
      },
      "id": "way/339192637"
    },
    {
      "type": "Feature",
      "properties": {
        "@id": "way/352315571",
        "natural": "beach",
        "surface": "sand",
        "@geometry": "center"
      },
      "geometry": {
        "type": "Point",
        "coordinates": [
          7.1344234,
          43.6286146
        ]
      },
      "id": "way/352315571"
    },
    {
      "type": "Feature",
      "properties": {
        "@id": "way/362993220",
        "alt_name": "Plage Lumière",
        "name": "Grande plage",
        "natural": "beach",
        "surface": "fine_gravel",
        "wikidata": "Q49321699",
        "@geometry": "center"
      },
      "geometry": {
        "type": "Point",
        "coordinates": [
          5.6232095,
          43.1867657
        ]
      },
      "id": "way/362993220"
    },
    {
      "type": "Feature",
      "properties": {
        "@id": "way/362993632",
        "name": "Plage Lumière",
        "natural": "beach",
        "surface": "sand",
        "@geometry": "center"
      },
      "geometry": {
        "type": "Point",
        "coordinates": [
          5.6212054,
          43.1856602
        ]
      },
      "id": "way/362993632"
    },
    {
      "type": "Feature",
      "properties": {
        "@id": "way/364240136",
        "dog": "yes",
        "natural": "beach",
        "@geometry": "center"
      },
      "geometry": {
        "type": "Point",
        "coordinates": [
          5.960014,
          43.1072066
        ]
      },
      "id": "way/364240136"
    },
    {
      "type": "Feature",
      "properties": {
        "@id": "way/364240137",
        "dog": "yes",
        "natural": "beach",
        "@geometry": "center"
      },
      "geometry": {
        "type": "Point",
        "coordinates": [
          5.9596303,
          43.1072066
        ]
      },
      "id": "way/364240137"
    },
    {
      "type": "Feature",
      "properties": {
        "@id": "way/366519440",
        "check_date": "2024-10-28",
        "lifeguard": "no",
        "name": "Plage Canine",
        "natural": "beach",
        "supervised": "no",
        "@geometry": "center"
      },
      "geometry": {
        "type": "Point",
        "coordinates": [
          5.6155523,
          43.1822897
        ]
      },
      "id": "way/366519440"
    },
    {
      "type": "Feature",
      "properties": {
        "@id": "way/374020053",
        "name": "Plage des Fosses",
        "name:fr": "Plage des Fosses",
        "natural": "beach",
        "surface": "gravel",
        "wikidata": "Q123052856",
        "@geometry": "center"
      },
      "geometry": {
        "type": "Point",
        "coordinates": [
          7.3354681,
          43.6866143
        ]
      },
      "id": "way/374020053"
    },
    {
      "type": "Feature",
      "properties": {
        "@id": "way/376971608",
        "natural": "beach",
        "sport": "swimming",
        "surface": "sand",
        "@geometry": "center"
      },
      "geometry": {
        "type": "Point",
        "coordinates": [
          -3.9917976,
          48.7241361
        ]
      },
      "id": "way/376971608"
    },
    {
      "type": "Feature",
      "properties": {
        "@id": "way/390060014",
        "name": "Plage du Val Fleury",
        "natural": "beach",
        "@geometry": "center"
      },
      "geometry": {
        "type": "Point",
        "coordinates": [
          6.8132055,
          43.4148713
        ]
      },
      "id": "way/390060014"
    },
    {
      "type": "Feature",
      "properties": {
        "@id": "way/390060015",
        "name": "Plage de la Tortue",
        "natural": "beach",
        "surface": "sand",
        "@geometry": "center"
      },
      "geometry": {
        "type": "Point",
        "coordinates": [
          6.8096468,
          43.413479
        ]
      },
      "id": "way/390060015"
    },
    {
      "type": "Feature",
      "properties": {
        "@id": "way/392740863",
        "name": "Plage de La Revellata",
        "natural": "beach",
        "@geometry": "center"
      },
      "geometry": {
        "type": "Point",
        "coordinates": [
          8.724312,
          42.5734411
        ]
      },
      "id": "way/392740863"
    },
    {
      "type": "Feature",
      "properties": {
        "@id": "way/392740864",
        "natural": "beach",
        "@geometry": "center"
      },
      "geometry": {
        "type": "Point",
        "coordinates": [
          8.7263894,
          42.5677733
        ]
      },
      "id": "way/392740864"
    },
    {
      "type": "Feature",
      "properties": {
        "@id": "way/419961875",
        "natural": "beach",
        "supervised": "no",
        "surface": "gravel",
        "@geometry": "center"
      },
      "geometry": {
        "type": "Point",
        "coordinates": [
          9.2754013,
          42.6891105
        ]
      },
      "id": "way/419961875"
    },
    {
      "type": "Feature",
      "properties": {
        "@id": "way/432051575",
        "natural": "beach",
        "@geometry": "center"
      },
      "geometry": {
        "type": "Point",
        "coordinates": [
          9.318644,
          41.6047398
        ]
      },
      "id": "way/432051575"
    },
    {
      "type": "Feature",
      "properties": {
        "@id": "way/432118808",
        "name": "Plage de Fontsainte",
        "name:en": "Fontsainte Beach",
        "natural": "beach",
        "surface": "gravel",
        "@geometry": "center"
      },
      "geometry": {
        "type": "Point",
        "coordinates": [
          5.6384488,
          43.1886889
        ]
      },
      "id": "way/432118808"
    },
    {
      "type": "Feature",
      "properties": {
        "@id": "way/432746541",
        "natural": "beach",
        "surface": "pebblestone",
        "@geometry": "center"
      },
      "geometry": {
        "type": "Point",
        "coordinates": [
          7.163801,
          43.6562673
        ]
      },
      "id": "way/432746541"
    },
    {
      "type": "Feature",
      "properties": {
        "@id": "way/432746542",
        "natural": "beach",
        "surface": "pebblestone",
        "wikidata": "Q129211872",
        "@geometry": "center"
      },
      "geometry": {
        "type": "Point",
        "coordinates": [
          7.166264,
          43.6569702
        ]
      },
      "id": "way/432746542"
    },
    {
      "type": "Feature",
      "properties": {
        "@id": "way/432776904",
        "natural": "beach",
        "@geometry": "center"
      },
      "geometry": {
        "type": "Point",
        "coordinates": [
          7.4863055,
          43.7633412
        ]
      },
      "id": "way/432776904"
    },
    {
      "type": "Feature",
      "properties": {
        "@id": "way/432776905",
        "natural": "beach",
        "surface": "pebblestone",
        "@geometry": "center"
      },
      "geometry": {
        "type": "Point",
        "coordinates": [
          7.4836159,
          43.7597043
        ]
      },
      "id": "way/432776905"
    },
    {
      "type": "Feature",
      "properties": {
        "@id": "way/435129037",
        "natural": "beach",
        "@geometry": "center"
      },
      "geometry": {
        "type": "Point",
        "coordinates": [
          -4.1565879,
          48.6902921
        ]
      },
      "id": "way/435129037"
    },
    {
      "type": "Feature",
      "properties": {
        "@id": "way/435129038",
        "natural": "beach",
        "@geometry": "center"
      },
      "geometry": {
        "type": "Point",
        "coordinates": [
          -4.1592962,
          48.6901141
        ]
      },
      "id": "way/435129038"
    },
    {
      "type": "Feature",
      "properties": {
        "@id": "way/435130433",
        "natural": "beach",
        "@geometry": "center"
      },
      "geometry": {
        "type": "Point",
        "coordinates": [
          -4.1714626,
          48.6868135
        ]
      },
      "id": "way/435130433"
    },
    {
      "type": "Feature",
      "properties": {
        "@id": "way/435130435",
        "natural": "beach",
        "@geometry": "center"
      },
      "geometry": {
        "type": "Point",
        "coordinates": [
          -4.1699002,
          48.688397
        ]
      },
      "id": "way/435130435"
    },
    {
      "type": "Feature",
      "properties": {
        "@id": "way/435131146",
        "natural": "beach",
        "@geometry": "center"
      },
      "geometry": {
        "type": "Point",
        "coordinates": [
          -4.1778132,
          48.6853509
        ]
      },
      "id": "way/435131146"
    },
    {
      "type": "Feature",
      "properties": {
        "@id": "way/435131147",
        "natural": "beach",
        "@geometry": "center"
      },
      "geometry": {
        "type": "Point",
        "coordinates": [
          -4.1817301,
          48.6847435
        ]
      },
      "id": "way/435131147"
    },
    {
      "type": "Feature",
      "properties": {
        "@id": "way/435288755",
        "name": "Plage de Guerrevielle",
        "natural": "beach",
        "surface": "sand",
        "@geometry": "center"
      },
      "geometry": {
        "type": "Point",
        "coordinates": [
          6.609714,
          43.2909132
        ]
      },
      "id": "way/435288755"
    },
    {
      "type": "Feature",
      "properties": {
        "@id": "way/435288756",
        "name": "Beauvallon beach",
        "natural": "beach",
        "nudism": "yes",
        "surface": "sand",
        "@geometry": "center"
      },
      "geometry": {
        "type": "Point",
        "coordinates": [
          6.6083749,
          43.2898789
        ]
      },
      "id": "way/435288756"
    },
    {
      "type": "Feature",
      "properties": {
        "@id": "way/437978306",
        "natural": "beach",
        "@geometry": "center"
      },
      "geometry": {
        "type": "Point",
        "coordinates": [
          -4.1936251,
          48.6810655
        ]
      },
      "id": "way/437978306"
    },
    {
      "type": "Feature",
      "properties": {
        "@id": "way/438962648",
        "name": "Porz an Iliz",
        "name:br": "Porzh an Iliz",
        "name:fr": "Porz an Iliz",
        "natural": "beach",
        "surface": "sand",
        "@geometry": "center"
      },
      "geometry": {
        "type": "Point",
        "coordinates": [
          -3.9238071,
          48.6897314
        ]
      },
      "id": "way/438962648"
    },
    {
      "type": "Feature",
      "properties": {
        "@id": "way/438962649",
        "name": "Porz ar Gored",
        "name:br": "Porzh ar Gored",
        "name:fr": "Porz ar Gored",
        "natural": "beach",
        "surface": "sand",
        "@geometry": "center"
      },
      "geometry": {
        "type": "Point",
        "coordinates": [
          -3.9220623,
          48.6819951
        ]
      },
      "id": "way/438962649"
    },
    {
      "type": "Feature",
      "properties": {
        "@id": "way/438962651",
        "name": "Ar Vouge",
        "natural": "beach",
        "surface": "sand",
        "@geometry": "center"
      },
      "geometry": {
        "type": "Point",
        "coordinates": [
          -3.9246218,
          48.6962066
        ]
      },
      "id": "way/438962651"
    },
    {
      "type": "Feature",
      "properties": {
        "@id": "way/438962652",
        "name": "An oad trez",
        "name:br": "an oad trez",
        "name:fr": "An oad trez",
        "natural": "beach",
        "source:name:br": "survey",
        "surface": "sand",
        "@geometry": "center"
      },
      "geometry": {
        "type": "Point",
        "coordinates": [
          -3.9266222,
          48.6960939
        ]
      },
      "id": "way/438962652"
    },
    {
      "type": "Feature",
      "properties": {
        "@id": "way/438962653",
        "natural": "beach",
        "surface": "sand",
        "@geometry": "center"
      },
      "geometry": {
        "type": "Point",
        "coordinates": [
          -3.9244332,
          48.6835375
        ]
      },
      "id": "way/438962653"
    },
    {
      "type": "Feature",
      "properties": {
        "@id": "way/447083765",
        "natural": "beach",
        "@geometry": "center"
      },
      "geometry": {
        "type": "Point",
        "coordinates": [
          -3.1052259,
          48.7832628
        ]
      },
      "id": "way/447083765"
    },
    {
      "type": "Feature",
      "properties": {
        "@id": "way/447896444",
        "natural": "beach",
        "@geometry": "center"
      },
      "geometry": {
        "type": "Point",
        "coordinates": [
          -3.0843068,
          48.8242089
        ]
      },
      "id": "way/447896444"
    },
    {
      "type": "Feature",
      "properties": {
        "@id": "way/451761591",
        "name": "Porz Adelig",
        "name:br": "Porzh Adelig",
        "name:fr": "Porz Adelig",
        "natural": "beach",
        "@geometry": "center"
      },
      "geometry": {
        "type": "Point",
        "coordinates": [
          -3.9973254,
          48.7413812
        ]
      },
      "id": "way/451761591"
    },
    {
      "type": "Feature",
      "properties": {
        "@id": "way/451761594",
        "name": "Porz Du",
        "name:br": "Porzh Du",
        "name:fr": "Porz Du",
        "natural": "beach",
        "@geometry": "center"
      },
      "geometry": {
        "type": "Point",
        "coordinates": [
          -4.0017948,
          48.7474165
        ]
      },
      "id": "way/451761594"
    },
    {
      "type": "Feature",
      "properties": {
        "@id": "way/451761595",
        "name": "Porz Kavou",
        "natural": "beach",
        "@geometry": "center"
      },
      "geometry": {
        "type": "Point",
        "coordinates": [
          -4.0045724,
          48.749267
        ]
      },
      "id": "way/451761595"
    },
    {
      "type": "Feature",
      "properties": {
        "@id": "way/451761596",
        "natural": "beach",
        "surface": "sand",
        "@geometry": "center"
      },
      "geometry": {
        "type": "Point",
        "coordinates": [
          -4.0069935,
          48.7409106
        ]
      },
      "id": "way/451761596"
    },
    {
      "type": "Feature",
      "properties": {
        "@id": "way/451761597",
        "name": "Porz An Iliz Vihan",
        "name:br": "Porzh an Iliz Vihan",
        "name:fr": "Porz An Iliz Vihan",
        "natural": "beach",
        "@geometry": "center"
      },
      "geometry": {
        "type": "Point",
        "coordinates": [
          -3.9951843,
          48.741282
        ]
      },
      "id": "way/451761597"
    },
    {
      "type": "Feature",
      "properties": {
        "@id": "way/451761598",
        "name": "Grève Blanche",
        "name:br": "Aod Wenn",
        "name:fr": "Grève Blanche",
        "natural": "beach",
        "source": "cadastre-dgi-fr source : Direction Générale des Impôts - Cadastre. Mise à jour : 2010",
        "source:name:br": "proper translation",
        "surface": "sand",
        "@geometry": "center"
      },
      "geometry": {
        "type": "Point",
        "coordinates": [
          -3.9971942,
          48.7459992
        ]
      },
      "id": "way/451761598"
    },
    {
      "type": "Feature",
      "properties": {
        "@id": "way/451761599",
        "name": "Grève Sainte-Anne",
        "name:br": "Aod Santez-Anna",
        "name:fr": "Grève Sainte-Anne",
        "natural": "beach",
        "source": "cadastre-dgi-fr source : Direction Générale des Impôts - Cadastre. Mise à jour : 2010",
        "@geometry": "center"
      },
      "geometry": {
        "type": "Point",
        "coordinates": [
          -3.9905145,
          48.7420223
        ]
      },
      "id": "way/451761599"
    },
    {
      "type": "Feature",
      "properties": {
        "@id": "way/451761600",
        "name": "Porz Alliou",
        "natural": "beach",
        "@geometry": "center"
      },
      "geometry": {
        "type": "Point",
        "coordinates": [
          -4.0028963,
          48.7412633
        ]
      },
      "id": "way/451761600"
    },
    {
      "type": "Feature",
      "properties": {
        "@id": "way/451761601",
        "name": "Porz Vihan",
        "name:br": "Porzh Bihan",
        "name:fr": "Porz Vihan",
        "natural": "beach",
        "source": "cadastre-dgi-fr source : Direction Générale des Impôts - Cadastre. Mise à jour : 2010",
        "@geometry": "center"
      },
      "geometry": {
        "type": "Point",
        "coordinates": [
          -4.0052933,
          48.7502856
        ]
      },
      "id": "way/451761601"
    },
    {
      "type": "Feature",
      "properties": {
        "@id": "way/451761602",
        "name": "Pors an Iliz",
        "name:br": "Porzh an Iliz",
        "name:fr": "Pors an Iliz",
        "natural": "beach",
        "source": "cadastre-dgi-fr source : Direction Générale des Impôts - Cadastre. Mise à jour : 2010",
        "surface": "sand",
        "@geometry": "center"
      },
      "geometry": {
        "type": "Point",
        "coordinates": [
          -3.9941393,
          48.740248
        ]
      },
      "id": "way/451761602"
    },
    {
      "type": "Feature",
      "properties": {
        "@id": "way/451761603",
        "name": "Pors ar Raouenn",
        "name:br": "Porzh ar C'haouenn",
        "name:fr": "Pors ar Raouenn",
        "natural": "beach",
        "source": "cadastre-dgi-fr source : Direction Générale des Impôts - Cadastre. Mise à jour : 2010",
        "source:name:br": "proper translation",
        "@geometry": "center"
      },
      "geometry": {
        "type": "Point",
        "coordinates": [
          -4.0331023,
          48.7473903
        ]
      },
      "id": "way/451761603"
    },
    {
      "type": "Feature",
      "properties": {
        "@id": "way/451761604",
        "name": "Porz Azeviz",
        "natural": "beach",
        "source": "cadastre-dgi-fr source : Direction Générale des Impôts - Cadastre. Mise à jour : 2010",
        "@geometry": "center"
      },
      "geometry": {
        "type": "Point",
        "coordinates": [
          -4.0146279,
          48.7523694
        ]
      },
      "id": "way/451761604"
    },
    {
      "type": "Feature",
      "properties": {
        "@id": "way/451761605",
        "name": "Porz Gwenn",
        "name:br": "Porzh Gwenn",
        "name:fr": "Porz Gwenn",
        "natural": "beach",
        "source": "cadastre-dgi-fr source : Direction Générale des Impôts - Cadastre. Mise à jour : 2010",
        "@geometry": "center"
      },
      "geometry": {
        "type": "Point",
        "coordinates": [
          -4.0184323,
          48.7520515
        ]
      },
      "id": "way/451761605"
    },
    {
      "type": "Feature",
      "properties": {
        "@id": "way/451761606",
        "name": "Porz Kernoc",
        "name:br": "Traezh Kernog",
        "name:fr": "Porz Kernoc",
        "natural": "beach",
        "source": "cadastre-dgi-fr source : Direction Générale des Impôts - Cadastre. Mise à jour : 2010",
        "@geometry": "center"
      },
      "geometry": {
        "type": "Point",
        "coordinates": [
          -4.0122211,
          48.7436052
        ]
      },
      "id": "way/451761606"
    },
    {
      "type": "Feature",
      "properties": {
        "@id": "way/451761607",
        "name": "Porz Leien",
        "natural": "beach",
        "source": "cadastre-dgi-fr source : Direction Générale des Impôts - Cadastre. Mise à jour : 2010",
        "@geometry": "center"
      },
      "geometry": {
        "type": "Point",
        "coordinates": [
          -4.0199137,
          48.7401831
        ]
      },
      "id": "way/451761607"
    },
    {
      "type": "Feature",
      "properties": {
        "@id": "way/451761608",
        "name": "Porz Melloc",
        "name:br": "Porzh Mellog",
        "name:fr": "Porz Melloc",
        "natural": "beach",
        "source": "cadastre-dgi-fr source : Direction Générale des Impôts - Cadastre. Mise à jour : 2010",
        "@geometry": "center"
      },
      "geometry": {
        "type": "Point",
        "coordinates": [
          -4.0032726,
          48.7482246
        ]
      },
      "id": "way/451761608"
    },
    {
      "type": "Feature",
      "properties": {
        "@id": "way/451761609",
        "name": "Porz Reter",
        "name:br": "Porzh Reter",
        "name:fr": "Porz Reter",
        "natural": "beach",
        "source": "cadastre-dgi-fr source : Direction Générale des Impôts - Cadastre. Mise à jour : 2010",
        "source:name:br": "proper translation",
        "surface": "sand",
        "@geometry": "center"
      },
      "geometry": {
        "type": "Point",
        "coordinates": [
          -4.0325803,
          48.7427055
        ]
      },
      "id": "way/451761609"
    },
    {
      "type": "Feature",
      "properties": {
        "@id": "way/451761610",
        "name": "Porz ar Gored",
        "natural": "beach",
        "@geometry": "center"
      },
      "geometry": {
        "type": "Point",
        "coordinates": [
          -4.0234442,
          48.7519822
        ]
      },
      "id": "way/451761610"
    },
    {
      "type": "Feature",
      "properties": {
        "@id": "way/451761611",
        "name": "Porz ar Gouver",
        "name:br": "Porzh ar C'houver",
        "name:fr": "Porz ar Gouver",
        "natural": "beach",
        "@geometry": "center"
      },
      "geometry": {
        "type": "Point",
        "coordinates": [
          -4.0258602,
          48.7492689
        ]
      },
      "id": "way/451761611"
    },
    {
      "type": "Feature",
      "properties": {
        "@id": "way/451761612",
        "name": "Poul Zarab",
        "natural": "beach",
        "source": "cadastre-dgi-fr source : Direction Générale des Impôts - Cadastre. Mise à jour : 2010",
        "@geometry": "center"
      },
      "geometry": {
        "type": "Point",
        "coordinates": [
          -3.9895279,
          48.7402895
        ]
      },
      "id": "way/451761612"
    },
    {
      "type": "Feature",
      "properties": {
        "@id": "way/451761613",
        "name": "Grève Saint-Pol",
        "name:br": "Aod Sant-Paol",
        "name:fr": "Grève Saint-Pol",
        "natural": "beach",
        "source": "cadastre-dgi-fr source : Direction Générale des Impôts - Cadastre. Mise à jour : 2010",
        "surface": "sand",
        "@geometry": "center"
      },
      "geometry": {
        "type": "Point",
        "coordinates": [
          -4.0293071,
          48.7424085
        ]
      },
      "id": "way/451761613"
    },
    {
      "type": "Feature",
      "properties": {
        "@id": "way/451761614",
        "name": "Poull C'horz",
        "name:br": "Poull ar C'horz",
        "name:fr": "Poull C'horz",
        "natural": "beach",
        "source": "cadastre-dgi-fr source : Direction Générale des Impôts - Cadastre. Mise à jour : 2010",
        "@geometry": "center"
      },
      "geometry": {
        "type": "Point",
        "coordinates": [
          -4.0268738,
          48.7419054
        ]
      },
      "id": "way/451761614"
    },
    {
      "type": "Feature",
      "properties": {
        "@id": "way/487779960",
        "access": "yes",
        "fee": "no",
        "name": "Hôtel Amour",
        "natural": "beach",
        "supervised": "yes",
        "surface": "pebblestone",
        "@geometry": "center"
      },
      "geometry": {
        "type": "Point",
        "coordinates": [
          7.2540553,
          43.6928427
        ]
      },
      "id": "way/487779960"
    },
    {
      "type": "Feature",
      "properties": {
        "@id": "way/487779961",
        "name": "Bella Nissa",
        "natural": "beach",
        "surface": "pebblestone",
        "@geometry": "center"
      },
      "geometry": {
        "type": "Point",
        "coordinates": [
          7.2570217,
          43.6935348
        ]
      },
      "id": "way/487779961"
    },
    {
      "type": "Feature",
      "properties": {
        "@id": "way/487779963",
        "name": "Blue Beach",
        "natural": "beach",
        "surface": "pebblestone",
        "@geometry": "center"
      },
      "geometry": {
        "type": "Point",
        "coordinates": [
          7.2592491,
          43.6939899
        ]
      },
      "id": "way/487779963"
    },
    {
      "type": "Feature",
      "properties": {
        "@id": "way/487779964",
        "name": "Sporting Plage",
        "natural": "beach",
        "surface": "pebblestone",
        "wikidata": "Q107261321",
        "@geometry": "center"
      },
      "geometry": {
        "type": "Point",
        "coordinates": [
          7.2612601,
          43.6942361
        ]
      },
      "id": "way/487779964"
    },
    {
      "type": "Feature",
      "properties": {
        "@id": "way/487779965",
        "name": "Lido Plage",
        "natural": "beach",
        "surface": "pebblestone",
        "wikidata": "Q107261238",
        "@geometry": "center"
      },
      "geometry": {
        "type": "Point",
        "coordinates": [
          7.2633149,
          43.6944436
        ]
      },
      "id": "way/487779965"
    },
    {
      "type": "Feature",
      "properties": {
        "@id": "way/487779966",
        "name": "Ruhl Plage",
        "natural": "beach",
        "surface": "pebblestone",
        "wikidata": "Q107261307",
        "@geometry": "center"
      },
      "geometry": {
        "type": "Point",
        "coordinates": [
          7.2649146,
          43.6945406
        ]
      },
      "id": "way/487779966"
    },
    {
      "type": "Feature",
      "properties": {
        "@id": "way/487779967",
        "name": "Galion Plage",
        "natural": "beach",
        "surface": "pebblestone",
        "@geometry": "center"
      },
      "geometry": {
        "type": "Point",
        "coordinates": [
          7.2660259,
          43.6945853
        ]
      },
      "id": "way/487779967"
    },
    {
      "type": "Feature",
      "properties": {
        "@id": "way/487779968",
        "name": "Centenaire Plage",
        "natural": "beach",
        "surface": "pebblestone",
        "@geometry": "center"
      },
      "geometry": {
        "type": "Point",
        "coordinates": [
          7.2671556,
          43.6945906
        ]
      },
      "id": "way/487779968"
    },
    {
      "type": "Feature",
      "properties": {
        "@id": "way/487779969",
        "name": "Beau Rivage",
        "natural": "beach",
        "surface": "pebblestone",
        "wikidata": "Q107261281",
        "@geometry": "center"
      },
      "geometry": {
        "type": "Point",
        "coordinates": [
          7.2695272,
          43.694553
        ]
      },
      "id": "way/487779969"
    },
    {
      "type": "Feature",
      "properties": {
        "@id": "way/487779971",
        "name": "Opera Plage",
        "natural": "beach",
        "surface": "pebblestone",
        "wikidata": "Q107261222",
        "@geometry": "center"
      },
      "geometry": {
        "type": "Point",
        "coordinates": [
          7.2721483,
          43.6946957
        ]
      },
      "id": "way/487779971"
    },
    {
      "type": "Feature",
      "properties": {
        "@id": "way/495477018",
        "name": "Plage de Kervaliou",
        "natural": "beach",
        "@geometry": "center"
      },
      "geometry": {
        "type": "Point",
        "coordinates": [
          -4.1194422,
          48.6935428
        ]
      },
      "id": "way/495477018"
    },
    {
      "type": "Feature",
      "properties": {
        "@id": "way/495477019",
        "natural": "beach",
        "@geometry": "center"
      },
      "geometry": {
        "type": "Point",
        "coordinates": [
          -4.1233997,
          48.6937605
        ]
      },
      "id": "way/495477019"
    },
    {
      "type": "Feature",
      "properties": {
        "@id": "way/495477020",
        "natural": "beach",
        "@geometry": "center"
      },
      "geometry": {
        "type": "Point",
        "coordinates": [
          -4.1257249,
          48.6940683
        ]
      },
      "id": "way/495477020"
    },
    {
      "type": "Feature",
      "properties": {
        "@id": "way/495477021",
        "natural": "beach",
        "@geometry": "center"
      },
      "geometry": {
        "type": "Point",
        "coordinates": [
          -4.1290445,
          48.6953099
        ]
      },
      "id": "way/495477021"
    },
    {
      "type": "Feature",
      "properties": {
        "@id": "way/495477872",
        "natural": "beach",
        "@geometry": "center"
      },
      "geometry": {
        "type": "Point",
        "coordinates": [
          -4.1870757,
          48.6862098
        ]
      },
      "id": "way/495477872"
    },
    {
      "type": "Feature",
      "properties": {
        "@id": "way/495477874",
        "natural": "beach",
        "@geometry": "center"
      },
      "geometry": {
        "type": "Point",
        "coordinates": [
          -4.1971609,
          48.6776103
        ]
      },
      "id": "way/495477874"
    },
    {
      "type": "Feature",
      "properties": {
        "@id": "way/495477875",
        "natural": "beach",
        "@geometry": "center"
      },
      "geometry": {
        "type": "Point",
        "coordinates": [
          -4.1953777,
          48.6791494
        ]
      },
      "id": "way/495477875"
    },
    {
      "type": "Feature",
      "properties": {
        "@id": "way/495477878",
        "natural": "beach",
        "@geometry": "center"
      },
      "geometry": {
        "type": "Point",
        "coordinates": [
          -4.185534,
          48.68647
        ]
      },
      "id": "way/495477878"
    },
    {
      "type": "Feature",
      "properties": {
        "@id": "way/495477882",
        "natural": "beach",
        "@geometry": "center"
      },
      "geometry": {
        "type": "Point",
        "coordinates": [
          -4.1990961,
          48.6763166
        ]
      },
      "id": "way/495477882"
    },
    {
      "type": "Feature",
      "properties": {
        "@id": "way/496826095",
        "name": "La plage de Saint-Pierre",
        "natural": "beach",
        "surface": "pebblestone",
        "@geometry": "center"
      },
      "geometry": {
        "type": "Point",
        "coordinates": [
          5.6175692,
          43.1615246
        ]
      },
      "id": "way/496826095"
    },
    {
      "type": "Feature",
      "properties": {
        "@id": "way/496826309",
        "name": "Seynerolle",
        "natural": "beach",
        "surface": "pebblestone",
        "@geometry": "center"
      },
      "geometry": {
        "type": "Point",
        "coordinates": [
          5.6193439,
          43.1591655
        ]
      },
      "id": "way/496826309"
    },
    {
      "type": "Feature",
      "properties": {
        "@id": "way/512630064",
        "addr:city": "Tarnos",
        "addr:postcode": "40220",
        "description": "Plage de sable fin, bordée par une dune. Baignade surveillée en été. Services à proximité.",
        "mapillary": "528692994801859",
        "name": "Plage du Métro",
        "name:oc": "Plaja deu Metro",
        "natural": "beach",
        "nudism": "permissive",
        "supervised": "Jun 16-30,Sep 01-15: 12:00-18:30;Jul 01-Aug 31: 11:00-19:00",
        "surface": "sand",
        "website": "https://www.seignanx-tourisme.com",
        "wheelchair": "limited",
        "@geometry": "center"
      },
      "geometry": {
        "type": "Point",
        "coordinates": [
          -1.4974492,
          43.5641016
        ]
      },
      "id": "way/512630064"
    },
    {
      "type": "Feature",
      "properties": {
        "@id": "way/517091544",
        "name": "Plage des Fosses",
        "natural": "beach",
        "surface": "gravel",
        "@geometry": "center"
      },
      "geometry": {
        "type": "Point",
        "coordinates": [
          7.3369798,
          43.6864535
        ]
      },
      "id": "way/517091544"
    },
    {
      "type": "Feature",
      "properties": {
        "@id": "node/531538533",
        "name": "Plage La Gougouline",
        "natural": "beach"
      },
      "geometry": {
        "type": "Point",
        "coordinates": [
          7.1733508,
          43.6559225
        ]
      },
      "id": "node/531538533"
    },
    {
      "type": "Feature",
      "properties": {
        "@id": "node/531572763",
        "name": "Plage Le Tiercé",
        "natural": "beach"
      },
      "geometry": {
        "type": "Point",
        "coordinates": [
          7.1533523,
          43.6510615
        ]
      },
      "id": "node/531572763"
    },
    {
      "type": "Feature",
      "properties": {
        "@id": "node/531572765",
        "name": "Plage Le Neptune",
        "natural": "beach",
        "wikidata": "Q129211881"
      },
      "geometry": {
        "type": "Point",
        "coordinates": [
          7.1545025,
          43.6518628
        ]
      },
      "id": "node/531572765"
    },
    {
      "type": "Feature",
      "properties": {
        "@id": "node/531572766",
        "name": "Plage La Madrague",
        "natural": "beach"
      },
      "geometry": {
        "type": "Point",
        "coordinates": [
          7.1539477,
          43.6514879
        ]
      },
      "id": "node/531572766"
    },
    {
      "type": "Feature",
      "properties": {
        "@id": "way/549942307",
        "name": "Plage de Villers-sur-Mer",
        "natural": "beach",
        "@geometry": "center"
      },
      "geometry": {
        "type": "Point",
        "coordinates": [
          0.0076761,
          49.3313712
        ]
      },
      "id": "way/549942307"
    },
    {
      "type": "Feature",
      "properties": {
        "@id": "way/552158217",
        "addr:city": "Ondres",
        "addr:postcode": "40440",
        "description": "Plage de sable bordée par une dune. Baignade surveillée en été. Restaurants, commerces et services. Parking et accès front de mer PMR (pas la plage). Animaux admis sous conditions. Plage sans poubelle.",
        "mapillary": "276549574261100",
        "name": "Plage Ondres-Océan",
        "name:oc": "Plaja Ondres-Océan",
        "natural": "beach",
        "panoramax": "27bbbc14-fbdf-4e65-8e32-88850dc30f05",
        "supervised": "Jun 12-Jul 02,Aug 30-Sep 12: 12:00-18:30;Jul 03-Aug 29: 11:00-19:00",
        "surface": "sand",
        "webcam": "https://www.seignanx-tourisme.com",
        "wheelchair": "limited",
        "wikidata": "Q42172663",
        "@geometry": "center"
      },
      "geometry": {
        "type": "Point",
        "coordinates": [
          -1.4883799,
          43.5773364
        ]
      },
      "id": "way/552158217"
    },
    {
      "type": "Feature",
      "properties": {
        "@id": "way/576060225",
        "area": "yes",
        "natural": "beach",
        "surface": "pebblestone",
        "@geometry": "center"
      },
      "geometry": {
        "type": "Point",
        "coordinates": [
          -3.0116495,
          48.8060659
        ]
      },
      "id": "way/576060225"
    },
    {
      "type": "Feature",
      "properties": {
        "@id": "way/576060228",
        "name": "Plage de Launay",
        "name:br": "Traezh ar Wern",
        "natural": "beach",
        "surface": "sand",
        "@geometry": "center"
      },
      "geometry": {
        "type": "Point",
        "coordinates": [
          -3.0125689,
          48.8081107
        ]
      },
      "id": "way/576060228"
    },
    {
      "type": "Feature",
      "properties": {
        "@id": "way/576075962",
        "name": "Grèves de Kerroc'h",
        "name:br": "Grav Kerroc'h",
        "name:fr": "Grèves de Kerroc'h",
        "natural": "beach",
        "surface": "pebblestone",
        "@geometry": "center"
      },
      "geometry": {
        "type": "Point",
        "coordinates": [
          -3.0355735,
          48.7901878
        ]
      },
      "id": "way/576075962"
    },
    {
      "type": "Feature",
      "properties": {
        "@id": "way/576075963",
        "name": "Grèves de Kerroc'h",
        "name:br": "Grav Kerroc'h",
        "name:fr": "Grèves de Kerroc'h",
        "natural": "beach",
        "surface": "pebblestone",
        "@geometry": "center"
      },
      "geometry": {
        "type": "Point",
        "coordinates": [
          -3.0236861,
          48.7947721
        ]
      },
      "id": "way/576075963"
    },
    {
      "type": "Feature",
      "properties": {
        "@id": "way/591049625",
        "natural": "beach",
        "@geometry": "center"
      },
      "geometry": {
        "type": "Point",
        "coordinates": [
          8.8891544,
          41.6895529
        ]
      },
      "id": "way/591049625"
    },
    {
      "type": "Feature",
      "properties": {
        "@id": "way/598905076",
        "name": "Plage d'Arène Cros",
        "natural": "beach",
        "@geometry": "center"
      },
      "geometry": {
        "type": "Point",
        "coordinates": [
          5.6494784,
          43.188486
        ]
      },
      "id": "way/598905076"
    },
    {
      "type": "Feature",
      "properties": {
        "@id": "way/598905077",
        "name": "Plage Calanque du Petit Mugel",
        "natural": "beach",
        "website": "https://en.plages.tv/detail/petit-mugel-calanque-la-ciotat-13600",
        "@geometry": "center"
      },
      "geometry": {
        "type": "Point",
        "coordinates": [
          5.6060501,
          43.1649867
        ]
      },
      "id": "way/598905077"
    },
    {
      "type": "Feature",
      "properties": {
        "@id": "way/598905079",
        "name": "Plage Port Saint-Jean",
        "name:en": "Saint Jean Beach",
        "natural": "beach",
        "surface": "sand",
        "@geometry": "center"
      },
      "geometry": {
        "type": "Point",
        "coordinates": [
          5.6270058,
          43.1870919
        ]
      },
      "id": "way/598905079"
    },
    {
      "type": "Feature",
      "properties": {
        "@id": "way/598905081",
        "dog": "no",
        "fixme": "check name",
        "lifeguard": "no",
        "name": "Plage de Saint-Jean",
        "name:en": "Saint Jean Beach",
        "natural": "beach",
        "smoking": "no",
        "surface": "gravel",
        "@geometry": "center"
      },
      "geometry": {
        "type": "Point",
        "coordinates": [
          5.6324776,
          43.187659
        ]
      },
      "id": "way/598905081"
    },
    {
      "type": "Feature",
      "properties": {
        "@id": "way/600306031",
        "natural": "beach",
        "@geometry": "center"
      },
      "geometry": {
        "type": "Point",
        "coordinates": [
          7.1340649,
          43.6508427
        ]
      },
      "id": "way/600306031"
    },
    {
      "type": "Feature",
      "properties": {
        "@id": "way/604051090",
        "name": "Grève du Prat Ledan",
        "natural": "beach",
        "surface": "gravel",
        "@geometry": "center"
      },
      "geometry": {
        "type": "Point",
        "coordinates": [
          -3.2400603,
          48.8602094
        ]
      },
      "id": "way/604051090"
    },
    {
      "type": "Feature",
      "properties": {
        "@id": "way/610822994",
        "fee": "no",
        "leisure": "swimming_area",
        "natural": "beach",
        "seamark:restricted_area:category": "swimming",
        "sport": "swimming",
        "supervised": "interval",
        "@geometry": "center"
      },
      "geometry": {
        "type": "Point",
        "coordinates": [
          -0.5825707,
          49.3423045
        ]
      },
      "id": "way/610822994"
    },
    {
      "type": "Feature",
      "properties": {
        "@id": "way/610822997",
        "fee": "no",
        "leisure": "swimming_area",
        "natural": "beach",
        "seamark:restricted_area:category": "swimming",
        "sport": "swimming",
        "supervised": "interval",
        "@geometry": "center"
      },
      "geometry": {
        "type": "Point",
        "coordinates": [
          -0.6022164,
          49.3405253
        ]
      },
      "id": "way/610822997"
    },
    {
      "type": "Feature",
      "properties": {
        "@id": "way/610823001",
        "fee": "no",
        "leisure": "swimming_area",
        "natural": "beach",
        "seamark:restricted_area:category": "swimming",
        "sport": "swimming",
        "supervised": "interval",
        "surface": "sand",
        "@geometry": "center"
      },
      "geometry": {
        "type": "Point",
        "coordinates": [
          -1.0379687,
          49.3900233
        ]
      },
      "id": "way/610823001"
    },
    {
      "type": "Feature",
      "properties": {
        "@id": "way/617885705",
        "natural": "beach",
        "@geometry": "center"
      },
      "geometry": {
        "type": "Point",
        "coordinates": [
          -1.2807595,
          49.510295
        ]
      },
      "id": "way/617885705"
    },
    {
      "type": "Feature",
      "properties": {
        "@id": "way/619516120",
        "name": "Grève de Brestan",
        "natural": "beach",
        "surface": "sand",
        "@geometry": "center"
      },
      "geometry": {
        "type": "Point",
        "coordinates": [
          -3.1531838,
          48.8535105
        ]
      },
      "id": "way/619516120"
    },
    {
      "type": "Feature",
      "properties": {
        "@id": "way/619518351",
        "name": "Le Drizec",
        "natural": "beach",
        "surface": "sand",
        "@geometry": "center"
      },
      "geometry": {
        "type": "Point",
        "coordinates": [
          -3.1344033,
          48.8594921
        ]
      },
      "id": "way/619518351"
    },
    {
      "type": "Feature",
      "properties": {
        "@id": "way/622080420",
        "name": "Plage du Roncu",
        "natural": "beach",
        "@geometry": "center"
      },
      "geometry": {
        "type": "Point",
        "coordinates": [
          8.7541998,
          42.5690777
        ]
      },
      "id": "way/622080420"
    },
    {
      "type": "Feature",
      "properties": {
        "@id": "way/622379605",
        "natural": "beach",
        "@geometry": "center"
      },
      "geometry": {
        "type": "Point",
        "coordinates": [
          8.7589406,
          42.5592479
        ]
      },
      "id": "way/622379605"
    },
    {
      "type": "Feature",
      "properties": {
        "@id": "way/622379633",
        "natural": "beach",
        "@geometry": "center"
      },
      "geometry": {
        "type": "Point",
        "coordinates": [
          8.7602146,
          42.5595658
        ]
      },
      "id": "way/622379633"
    },
    {
      "type": "Feature",
      "properties": {
        "@id": "way/622466342",
        "dog": "yes",
        "lifeguard": "no",
        "natural": "beach",
        "surface": "pebblestone",
        "@geometry": "center"
      },
      "geometry": {
        "type": "Point",
        "coordinates": [
          5.7514464,
          43.1301245
        ]
      },
      "id": "way/622466342"
    },
    {
      "type": "Feature",
      "properties": {
        "@id": "way/628375510",
        "access": "customers",
        "artificial": "yes",
        "lifeguard": "yes",
        "name": "Le Méridien • Beach",
        "natural": "beach",
        "supervised": "yes",
        "surface": "sand",
        "tourism": "attraction",
        "wikimedia_commons": "Category:Beach of Meridien Beach Plaza",
        "@geometry": "center"
      },
      "geometry": {
        "type": "Point",
        "coordinates": [
          7.4361893,
          43.7475387
        ]
      },
      "id": "way/628375510"
    },
    {
      "type": "Feature",
      "properties": {
        "@id": "way/636658827",
        "name": "Plage du Cap Nègre",
        "natural": "beach",
        "surface": "sand",
        "@geometry": "center"
      },
      "geometry": {
        "type": "Point",
        "coordinates": [
          6.4395271,
          43.1474854
        ]
      },
      "id": "way/636658827"
    },
    {
      "type": "Feature",
      "properties": {
        "@id": "way/640491209",
        "natural": "beach",
        "@geometry": "center"
      },
      "geometry": {
        "type": "Point",
        "coordinates": [
          9.262612,
          42.6998794
        ]
      },
      "id": "way/640491209"
    },
    {
      "type": "Feature",
      "properties": {
        "@id": "way/657841329",
        "natural": "beach",
        "@geometry": "center"
      },
      "geometry": {
        "type": "Point",
        "coordinates": [
          8.8807216,
          41.6612919
        ]
      },
      "id": "way/657841329"
    },
    {
      "type": "Feature",
      "properties": {
        "@id": "way/660959112",
        "name": "Plage du Prat",
        "name:br": "Traezhenn ar Prad",
        "name:fr": "Plage du Prat",
        "natural": "beach",
        "source:name:br": "proper translation",
        "@geometry": "center"
      },
      "geometry": {
        "type": "Point",
        "coordinates": [
          -4.0314621,
          48.7124982
        ]
      },
      "id": "way/660959112"
    },
    {
      "type": "Feature",
      "properties": {
        "@id": "way/660959113",
        "name": "Plage du Théven",
        "name:br": "Traezhenn an Tevenn",
        "name:fr": "Plage du Théven",
        "natural": "beach",
        "@geometry": "center"
      },
      "geometry": {
        "type": "Point",
        "coordinates": [
          -4.037282,
          48.7096154
        ]
      },
      "id": "way/660959113"
    },
    {
      "type": "Feature",
      "properties": {
        "@id": "way/660959114",
        "name": "Plage du Staol",
        "natural": "beach",
        "@geometry": "center"
      },
      "geometry": {
        "type": "Point",
        "coordinates": [
          -4.0411652,
          48.7044172
        ]
      },
      "id": "way/660959114"
    },
    {
      "type": "Feature",
      "properties": {
        "@id": "way/660959115",
        "natural": "beach",
        "surface": "sand",
        "@geometry": "center"
      },
      "geometry": {
        "type": "Point",
        "coordinates": [
          -4.0500696,
          48.7054565
        ]
      },
      "id": "way/660959115"
    },
    {
      "type": "Feature",
      "properties": {
        "@id": "way/660959116",
        "name": "Plage du Dossen",
        "name:br": "Traezhenn an Arkel",
        "name:fr": "Plage du Dossen",
        "natural": "beach",
        "source:name:br": "ofis publik ar brezhoneg",
        "@geometry": "center"
      },
      "geometry": {
        "type": "Point",
        "coordinates": [
          -4.0607808,
          48.6947741
        ]
      },
      "id": "way/660959116"
    },
    {
      "type": "Feature",
      "properties": {
        "@id": "way/661148650",
        "name": "Plage de Tahiti",
        "name:br": "Traezhenn Tahiti",
        "name:fr": "Plage de Tahiti",
        "natural": "beach",
        "surface": "sand",
        "@geometry": "center"
      },
      "geometry": {
        "type": "Point",
        "coordinates": [
          -3.8926994,
          48.6712993
        ]
      },
      "id": "way/661148650"
    },
    {
      "type": "Feature",
      "properties": {
        "@id": "way/661148651",
        "name": "Plage du Cosmeur",
        "natural": "beach",
        "surface": "sand",
        "@geometry": "center"
      },
      "geometry": {
        "type": "Point",
        "coordinates": [
          -3.900256,
          48.6710137
        ]
      },
      "id": "way/661148651"
    },
    {
      "type": "Feature",
      "properties": {
        "@id": "way/661148652",
        "name": "Plage du Penker",
        "name:br": "Traezhenn ar Penkêr",
        "name:fr": "Plage du Penker",
        "natural": "beach",
        "source:name:br": "proper translation",
        "surface": "sand",
        "@geometry": "center"
      },
      "geometry": {
        "type": "Point",
        "coordinates": [
          -3.9048808,
          48.6703886
        ]
      },
      "id": "way/661148652"
    },
    {
      "type": "Feature",
      "properties": {
        "@id": "way/661149358",
        "name": "Plage du Clouet",
        "name:br": "Traezhenn ar Gloued",
        "natural": "beach",
        "@geometry": "center"
      },
      "geometry": {
        "type": "Point",
        "coordinates": [
          -3.9037973,
          48.6595243
        ]
      },
      "id": "way/661149358"
    },
    {
      "type": "Feature",
      "properties": {
        "@id": "way/661152850",
        "name": "La Grève du Pors-Pol",
        "natural": "beach",
        "surface": "sand",
        "@geometry": "center"
      },
      "geometry": {
        "type": "Point",
        "coordinates": [
          -3.9186238,
          48.6737655
        ]
      },
      "id": "way/661152850"
    },
    {
      "type": "Feature",
      "properties": {
        "@id": "way/661152852",
        "name": "La Plage de la Chaise du Curé",
        "name:br": "Traezhenn Kador ar C'hure",
        "natural": "beach",
        "@geometry": "center"
      },
      "geometry": {
        "type": "Point",
        "coordinates": [
          -3.9165209,
          48.6732936
        ]
      },
      "id": "way/661152852"
    },
    {
      "type": "Feature",
      "properties": {
        "@id": "way/665931926",
        "natural": "beach",
        "@geometry": "center"
      },
      "geometry": {
        "type": "Point",
        "coordinates": [
          8.9025199,
          41.6904144
        ]
      },
      "id": "way/665931926"
    },
    {
      "type": "Feature",
      "properties": {
        "@id": "way/682320333",
        "natural": "beach",
        "surface": "fine_gravel",
        "@geometry": "center"
      },
      "geometry": {
        "type": "Point",
        "coordinates": [
          9.2685927,
          42.6965909
        ]
      },
      "id": "way/682320333"
    },
    {
      "type": "Feature",
      "properties": {
        "@id": "way/685295955",
        "natural": "beach",
        "@geometry": "center"
      },
      "geometry": {
        "type": "Point",
        "coordinates": [
          -0.5903447,
          49.3413061
        ]
      },
      "id": "way/685295955"
    },
    {
      "type": "Feature",
      "properties": {
        "@id": "way/688434224",
        "name": "PLage Olga",
        "natural": "beach",
        "surface": "gravel",
        "@geometry": "center"
      },
      "geometry": {
        "type": "Point",
        "coordinates": [
          4.8529495,
          43.3919159
        ]
      },
      "id": "way/688434224"
    },
    {
      "type": "Feature",
      "properties": {
        "@id": "way/699889719",
        "description": "Plage située à l'est de Roscoff, interdite aux chiens en période estivale",
        "name": "Traon Erch",
        "natural": "beach",
        "surface": "sand",
        "@geometry": "center"
      },
      "geometry": {
        "type": "Point",
        "coordinates": [
          -3.9719406,
          48.7135823
        ]
      },
      "id": "way/699889719"
    },
    {
      "type": "Feature",
      "properties": {
        "@id": "way/699890081",
        "name": "Grève du Man",
        "natural": "beach",
        "surface": "sand",
        "@geometry": "center"
      },
      "geometry": {
        "type": "Point",
        "coordinates": [
          -3.9689007,
          48.6938918
        ]
      },
      "id": "way/699890081"
    },
    {
      "type": "Feature",
      "properties": {
        "@id": "way/719655340",
        "natural": "beach",
        "surface": "sand",
        "@geometry": "center"
      },
      "geometry": {
        "type": "Point",
        "coordinates": [
          -3.0054237,
          48.8399812
        ]
      },
      "id": "way/719655340"
    },
    {
      "type": "Feature",
      "properties": {
        "@id": "way/724704227",
        "natural": "beach",
        "surface": "pebblestone",
        "@geometry": "center"
      },
      "geometry": {
        "type": "Point",
        "coordinates": [
          9.1236486,
          41.3981087
        ]
      },
      "id": "way/724704227"
    },
    {
      "type": "Feature",
      "properties": {
        "@id": "way/724704229",
        "natural": "beach",
        "@geometry": "center"
      },
      "geometry": {
        "type": "Point",
        "coordinates": [
          9.1060346,
          41.3955574
        ]
      },
      "id": "way/724704229"
    },
    {
      "type": "Feature",
      "properties": {
        "@id": "way/729922717",
        "natural": "beach",
        "@geometry": "center"
      },
      "geometry": {
        "type": "Point",
        "coordinates": [
          8.8982895,
          41.689813
        ]
      },
      "id": "way/729922717"
    },
    {
      "type": "Feature",
      "properties": {
        "@id": "way/729922718",
        "natural": "beach",
        "@geometry": "center"
      },
      "geometry": {
        "type": "Point",
        "coordinates": [
          8.8969486,
          41.6898314
        ]
      },
      "id": "way/729922718"
    },
    {
      "type": "Feature",
      "properties": {
        "@id": "way/730021451",
        "natural": "beach",
        "@geometry": "center"
      },
      "geometry": {
        "type": "Point",
        "coordinates": [
          8.9064983,
          41.6911227
        ]
      },
      "id": "way/730021451"
    },
    {
      "type": "Feature",
      "properties": {
        "@id": "way/732940283",
        "natural": "beach",
        "@geometry": "center"
      },
      "geometry": {
        "type": "Point",
        "coordinates": [
          9.127359,
          41.3994528
        ]
      },
      "id": "way/732940283"
    },
    {
      "type": "Feature",
      "properties": {
        "@id": "way/741058697",
        "description": "En bordure du célèbre golf de Chiberta, cette plage, très prisée des surfeurs, est certainement la plus « sauvage » de notre littoral. La baignade n'y est pas surveillée.",
        "lifeguard": "no",
        "name": "Plages des Dunes",
        "name:eu": "Dunen hondartza",
        "natural": "beach",
        "nudism": "yes",
        "source:name:eu": "Euskaltzaindia",
        "surface": "sand",
        "website": "https://www.anglet-tourisme.com/fr/pratique/webcams.php",
        "@geometry": "center"
      },
      "geometry": {
        "type": "Point",
        "coordinates": [
          -1.5289756,
          43.5179392
        ]
      },
      "id": "way/741058697"
    },
    {
      "type": "Feature",
      "properties": {
        "@id": "way/741058698",
        "description": "La Madrague est certainement l’une des plus belles plages d’Anglet et la Petite Madrague, l’une des plus branchées. Cette immense étendue de sable fin accueille une clientèle éclectique. Ses abords sont composés de larges espaces verts.",
        "lifeguard": "yes",
        "name": "Plages de la Madrague",
        "name:eu": "Madraga",
        "natural": "beach",
        "nudism": "yes",
        "opening_hours:lifeguard": "Jun 15-Jun 30: 12:00-18:00; Jul 01-Sep 01: 10:30-19:00; Sep 02-Sep 15: 12:00-18:00",
        "source:name:eu": "Euskaltzaindia",
        "surface": "sand",
        "website": "https://www.anglet-tourisme.com/fr/pratique/webcams.php",
        "@geometry": "center"
      },
      "geometry": {
        "type": "Point",
        "coordinates": [
          -1.5340155,
          43.5117379
        ]
      },
      "id": "way/741058698"
    },
    {
      "type": "Feature",
      "properties": {
        "@id": "way/741058699",
        "description": "Reconnue mondialement pour ses vagues puissantes, elle accueille de nombreuses compétitions de surf professionnel. Cette longue plage de sable est bordée au nord par la longue digue de la Barre. Elle est dominée par de nombreux espaces verts.",
        "lifeguard": "yes",
        "name": "Plages des Cavaliers",
        "name:eu": "Zaldunen hondartza",
        "natural": "beach",
        "nudism": "yes",
        "opening_hours:lifeguard": "Jun 15-Jun 30: 12:00-18:00; Jul 01-Sep 01: 10:30-19:00; Sep 02-Sep 15: 12:00-18:00",
        "source:name:eu": "Euskaltzaindia",
        "surface": "sand",
        "website": "https://www.anglet-tourisme.com/fr/pratique/webcams.php",
        "@geometry": "center"
      },
      "geometry": {
        "type": "Point",
        "coordinates": [
          -1.5266268,
          43.5220523
        ]
      },
      "id": "way/741058699"
    },
    {
      "type": "Feature",
      "properties": {
        "@id": "way/741058700",
        "lifeguard": "no",
        "name": "Plages de la Petite Madrague",
        "name:eu": "Madragattipia",
        "natural": "beach",
        "nudism": "yes",
        "opening_hours:lifeguard": "Jul 03-Aug 29: 10:30-19:00; May 13-Jul 02: 12:00-18:00; Aug 30-Nov 07: 12:00-18:00",
        "source:name:eu": "Euskaltzaindia",
        "surface": "sand",
        "website": "https://www.anglet-tourisme.com/fr/pratique/webcams.php",
        "@geometry": "center"
      },
      "geometry": {
        "type": "Point",
        "coordinates": [
          -1.5355987,
          43.5097949
        ]
      },
      "id": "way/741058700"
    },
    {
      "type": "Feature",
      "properties": {
        "@id": "way/741058701",
        "description": "Cette plage, similaire à sa voisine de Marinella, est une plage résolument tournée vers les jeunes. Les espaces verts qui la bordent sont appréciés et propices à la pratique du cerf-volant et aux sports de ballon.",
        "dog": "yes",
        "lifeguard": "yes",
        "name": "Plage des Corsaires",
        "name:eu": "Xibertako hondartza",
        "natural": "beach",
        "nudism": "yes",
        "opening_hours:lifeguard": "Jul 06-Sep 01: 10:30-19:00",
        "phone": "+33559583535",
        "ref:FR:CRTA": "LOIAQU064FS000C0",
        "source:name:eu": "Euskaltzaindia",
        "surface": "sand",
        "website": "https://www.anglet-tourisme.com/fr/pratique/webcams.php",
        "@geometry": "center"
      },
      "geometry": {
        "type": "Point",
        "coordinates": [
          -1.5374904,
          43.5074494
        ]
      },
      "id": "way/741058701"
    },
    {
      "type": "Feature",
      "properties": {
        "@id": "way/741058702",
        "access": "yes",
        "description": "La baignade n'y est pas surveillée.",
        "lifeguard": "no",
        "name": "Plage de la Petite Barre",
        "name:eu": "Barrako hondartza",
        "natural": "beach",
        "source:name:eu": "Euskaltzaindia",
        "surface": "sand",
        "website": "https://www.anglet-tourisme.com/fr/pratique/webcams.php",
        "@geometry": "center"
      },
      "geometry": {
        "type": "Point",
        "coordinates": [
          -1.5232678,
          43.5280257
        ]
      },
      "id": "way/741058702"
    },
    {
      "type": "Feature",
      "properties": {
        "@id": "way/743668256",
        "name": "Plage du Casino",
        "natural": "beach",
        "@geometry": "center"
      },
      "geometry": {
        "type": "Point",
        "coordinates": [
          6.7662071,
          43.4216069
        ]
      },
      "id": "way/743668256"
    },
    {
      "type": "Feature",
      "properties": {
        "@id": "way/743668257",
        "alt_name": "Plage Beau-Rivage, Plage Beaurivage",
        "name": "Plage Beau Rivage",
        "natural": "beach",
        "surface": "sand",
        "website": "https://www.saint-raphael.com/fr/loisirs/plage-beau-rivage-4775781",
        "wheelchair": "yes",
        "@geometry": "center"
      },
      "geometry": {
        "type": "Point",
        "coordinates": [
          6.7722463,
          43.4181358
        ]
      },
      "id": "way/743668257"
    },
    {
      "type": "Feature",
      "properties": {
        "@id": "way/743668258",
        "name": "Plage d'Arène Grosse",
        "natural": "beach",
        "@geometry": "center"
      },
      "geometry": {
        "type": "Point",
        "coordinates": [
          6.8069428,
          43.4142346
        ]
      },
      "id": "way/743668258"
    },
    {
      "type": "Feature",
      "properties": {
        "@id": "way/759637589",
        "addr:postcode": "83820",
        "lifeguard": "no",
        "name": "Plage de Pramousquier",
        "natural": "beach",
        "source": "Cnes/Spot Image",
        "supervised": "no",
        "surface": "sand",
        "@geometry": "center"
      },
      "geometry": {
        "type": "Point",
        "coordinates": [
          6.4488157,
          43.1533486
        ]
      },
      "id": "way/759637589"
    },
    {
      "type": "Feature",
      "properties": {
        "@id": "way/760245636",
        "fee": "no",
        "leisure": "beach_resort",
        "lifeguard": "yes",
        "name": "Plage du Canadel",
        "natural": "beach",
        "surface": "sand",
        "@geometry": "center"
      },
      "geometry": {
        "type": "Point",
        "coordinates": [
          6.4636711,
          43.1574861
        ]
      },
      "id": "way/760245636"
    },
    {
      "type": "Feature",
      "properties": {
        "@id": "way/783007314",
        "dog": "no",
        "name": "Plage Cyrnos",
        "natural": "beach",
        "sand_grade": "very_coarse",
        "smoking": "no",
        "surface": "sand",
        "@geometry": "center"
      },
      "geometry": {
        "type": "Point",
        "coordinates": [
          5.6185427,
          43.184221
        ]
      },
      "id": "way/783007314"
    },
    {
      "type": "Feature",
      "properties": {
        "@id": "way/790863151",
        "natural": "beach",
        "surface": "pebblestone",
        "@geometry": "center"
      },
      "geometry": {
        "type": "Point",
        "coordinates": [
          7.1262327,
          43.6021033
        ]
      },
      "id": "way/790863151"
    },
    {
      "type": "Feature",
      "properties": {
        "@id": "way/803552233",
        "alt_name": "Plage du Blockhaus",
        "name": "Plage de Tettola",
        "natural": "beach",
        "surface": "pebblestone",
        "@geometry": "center"
      },
      "geometry": {
        "type": "Point",
        "coordinates": [
          9.3111947,
          42.688682
        ]
      },
      "id": "way/803552233"
    },
    {
      "type": "Feature",
      "properties": {
        "@id": "way/807090951",
        "natural": "beach",
        "@geometry": "center"
      },
      "geometry": {
        "type": "Point",
        "coordinates": [
          -1.5615147,
          43.4835177
        ]
      },
      "id": "way/807090951"
    },
    {
      "type": "Feature",
      "properties": {
        "@id": "way/810417792",
        "natural": "beach",
        "surface": "sand",
        "@geometry": "center"
      },
      "geometry": {
        "type": "Point",
        "coordinates": [
          -3.9887651,
          48.7273272
        ]
      },
      "id": "way/810417792"
    },
    {
      "type": "Feature",
      "properties": {
        "@id": "way/810417793",
        "natural": "beach",
        "surface": "sand",
        "@geometry": "center"
      },
      "geometry": {
        "type": "Point",
        "coordinates": [
          -3.9869378,
          48.7275791
        ]
      },
      "id": "way/810417793"
    },
    {
      "type": "Feature",
      "properties": {
        "@id": "way/810417794",
        "natural": "beach",
        "surface": "sand",
        "@geometry": "center"
      },
      "geometry": {
        "type": "Point",
        "coordinates": [
          -3.9904056,
          48.7257083
        ]
      },
      "id": "way/810417794"
    },
    {
      "type": "Feature",
      "properties": {
        "@id": "way/815358351",
        "natural": "beach",
        "source": "BDOrtho IGN 2020",
        "surface": "sand",
        "@geometry": "center"
      },
      "geometry": {
        "type": "Point",
        "coordinates": [
          9.2856464,
          41.6040198
        ]
      },
      "id": "way/815358351"
    },
    {
      "type": "Feature",
      "properties": {
        "@id": "way/823165814",
        "name": "Plage de Groa Rouz",
        "natural": "beach",
        "source": "BDOrtho IGN",
        "surface": "sand",
        "@geometry": "center"
      },
      "geometry": {
        "type": "Point",
        "coordinates": [
          -3.9912575,
          48.7179572
        ]
      },
      "id": "way/823165814"
    },
    {
      "type": "Feature",
      "properties": {
        "@id": "way/824170103",
        "natural": "beach",
        "nudism": "customary",
        "@geometry": "center"
      },
      "geometry": {
        "type": "Point",
        "coordinates": [
          7.3256241,
          43.6760259
        ]
      },
      "id": "way/824170103"
    },
    {
      "type": "Feature",
      "properties": {
        "@id": "way/832247315",
        "name": "plage du lido",
        "natural": "beach",
        "surface": "sand",
        "@geometry": "center"
      },
      "geometry": {
        "type": "Point",
        "coordinates": [
          5.9391763,
          43.107239
        ]
      },
      "id": "way/832247315"
    },
    {
      "type": "Feature",
      "properties": {
        "@id": "way/833351653",
        "name": "Plage du Rocher",
        "natural": "beach",
        "surface": "pebblestone",
        "@geometry": "center"
      },
      "geometry": {
        "type": "Point",
        "coordinates": [
          7.4509111,
          43.7562791
        ]
      },
      "id": "way/833351653"
    },
    {
      "type": "Feature",
      "properties": {
        "@id": "way/833351673",
        "name": "Plage de Bon Voyage",
        "natural": "beach",
        "nudism": "yes",
        "@geometry": "center"
      },
      "geometry": {
        "type": "Point",
        "coordinates": [
          7.448012,
          43.7536793
        ]
      },
      "id": "way/833351673"
    },
    {
      "type": "Feature",
      "properties": {
        "@id": "way/833497017",
        "name": "Plage de la Réserve",
        "natural": "beach",
        "surface": "pebblestone",
        "@geometry": "center"
      },
      "geometry": {
        "type": "Point",
        "coordinates": [
          7.3359493,
          43.7057386
        ]
      },
      "id": "way/833497017"
    },
    {
      "type": "Feature",
      "properties": {
        "@id": "way/833497018",
        "natural": "beach",
        "surface": "pebblestone",
        "@geometry": "center"
      },
      "geometry": {
        "type": "Point",
        "coordinates": [
          7.3363494,
          43.706131
        ]
      },
      "id": "way/833497018"
    },
    {
      "type": "Feature",
      "properties": {
        "@id": "node/852970599",
        "name": "La Grande Grève",
        "natural": "beach"
      },
      "geometry": {
        "type": "Point",
        "coordinates": [
          -3.9320661,
          48.6578143
        ]
      },
      "id": "node/852970599"
    },
    {
      "type": "Feature",
      "properties": {
        "@id": "node/852978823",
        "name": "Grève du Port",
        "natural": "beach"
      },
      "geometry": {
        "type": "Point",
        "coordinates": [
          -3.922983,
          48.6721063
        ]
      },
      "id": "node/852978823"
    },
    {
      "type": "Feature",
      "properties": {
        "@id": "way/862573458",
        "natural": "beach",
        "@geometry": "center"
      },
      "geometry": {
        "type": "Point",
        "coordinates": [
          7.3312519,
          43.6972638
        ]
      },
      "id": "way/862573458"
    },
    {
      "type": "Feature",
      "properties": {
        "@id": "way/862573462",
        "natural": "beach",
        "@geometry": "center"
      },
      "geometry": {
        "type": "Point",
        "coordinates": [
          7.3326395,
          43.6958609
        ]
      },
      "id": "way/862573462"
    },
    {
      "type": "Feature",
      "properties": {
        "@id": "way/907057895",
        "name": "Plage de la baie de Cousse",
        "natural": "beach",
        "surface": "gravel",
        "@geometry": "center"
      },
      "geometry": {
        "type": "Point",
        "coordinates": [
          5.7770614,
          43.1224313
        ]
      },
      "id": "way/907057895"
    },
    {
      "type": "Feature",
      "properties": {
        "@id": "way/908221124",
        "natural": "beach",
        "@geometry": "center"
      },
      "geometry": {
        "type": "Point",
        "coordinates": [
          8.9097453,
          41.6911839
        ]
      },
      "id": "way/908221124"
    },
    {
      "type": "Feature",
      "properties": {
        "@id": "way/908221125",
        "natural": "beach",
        "@geometry": "center"
      },
      "geometry": {
        "type": "Point",
        "coordinates": [
          8.9013704,
          41.6904687
        ]
      },
      "id": "way/908221125"
    },
    {
      "type": "Feature",
      "properties": {
        "@id": "way/908221126",
        "natural": "beach",
        "@geometry": "center"
      },
      "geometry": {
        "type": "Point",
        "coordinates": [
          8.9149489,
          41.6807103
        ]
      },
      "id": "way/908221126"
    },
    {
      "type": "Feature",
      "properties": {
        "@id": "node/913288867",
        "name": "Plage de Laber",
        "natural": "beach",
        "source": "cadastre-dgi-fr source : Direction Générale des Impôts - Cadastre. Mise à jour : 2010"
      },
      "geometry": {
        "type": "Point",
        "coordinates": [
          -3.9934482,
          48.7149072
        ]
      },
      "id": "node/913288867"
    },
    {
      "type": "Feature",
      "properties": {
        "@id": "node/913288964",
        "name": "Plage de Roc'h Kroum",
        "name:br": "Porzh Roc'h Kroumm",
        "name:fr": "Plage de Roc'h Kroum",
        "natural": "beach",
        "source": "cadastre-dgi-fr source : Direction Générale des Impôts - Cadastre. Mise à jour : 2010",
        "source:name:br": "ofis publik ar brezhoneg"
      },
      "geometry": {
        "type": "Point",
        "coordinates": [
          -3.9920438,
          48.7236126
        ]
      },
      "id": "node/913288964"
    },
    {
      "type": "Feature",
      "properties": {
        "@id": "node/913675088",
        "name": "Plage de Ruguel",
        "natural": "beach",
        "source": "cadastre-dgi-fr source : Direction Générale des Impôts - Cadastre. Mise à jour : 2010"
      },
      "geometry": {
        "type": "Point",
        "coordinates": [
          -4.0045157,
          48.7162898
        ]
      },
      "id": "node/913675088"
    },
    {
      "type": "Feature",
      "properties": {
        "@id": "node/942897634",
        "name": "Plage de Kerigou",
        "natural": "beach",
        "source": "cadastre-dgi-fr source : Direction Générale des Impôts - Cadastre. Mise à jour : 2010"
      },
      "geometry": {
        "type": "Point",
        "coordinates": [
          -3.9600273,
          48.6738338
        ]
      },
      "id": "node/942897634"
    },
    {
      "type": "Feature",
      "properties": {
        "@id": "node/943272242",
        "name": "plage de Kersaliou",
        "natural": "beach",
        "source": "cadastre-dgi-fr source : Direction Générale des Impôts - Cadastre. Mise à jour : 2010;local knowledge",
        "surface": "sand"
      },
      "geometry": {
        "type": "Point",
        "coordinates": [
          -3.975863,
          48.6993521
        ]
      },
      "id": "node/943272242"
    },
    {
      "type": "Feature",
      "properties": {
        "@id": "way/945711373",
        "description": "Naturisme autorisé selon l'arrêté municipal du 29 octobre 2014",
        "natural": "beach",
        "nudism": "yes",
        "@geometry": "center"
      },
      "geometry": {
        "type": "Point",
        "coordinates": [
          -1.5796831,
          49.0043685
        ]
      },
      "id": "way/945711373"
    },
    {
      "type": "Feature",
      "properties": {
        "@id": "way/948469731",
        "name": "Plage de la corniche d'azur",
        "natural": "beach",
        "surface": "gravel",
        "@geometry": "center"
      },
      "geometry": {
        "type": "Point",
        "coordinates": [
          6.7138497,
          43.3703261
        ]
      },
      "id": "way/948469731"
    },
    {
      "type": "Feature",
      "properties": {
        "@id": "way/948469748",
        "natural": "beach",
        "@geometry": "center"
      },
      "geometry": {
        "type": "Point",
        "coordinates": [
          6.6680453,
          43.3292564
        ]
      },
      "id": "way/948469748"
    },
    {
      "type": "Feature",
      "properties": {
        "@id": "way/948469749",
        "natural": "beach",
        "@geometry": "center"
      },
      "geometry": {
        "type": "Point",
        "coordinates": [
          6.6688836,
          43.3321615
        ]
      },
      "id": "way/948469749"
    },
    {
      "type": "Feature",
      "properties": {
        "@id": "way/949335943",
        "natural": "beach",
        "@geometry": "center"
      },
      "geometry": {
        "type": "Point",
        "coordinates": [
          7.1363415,
          43.6494046
        ]
      },
      "id": "way/949335943"
    },
    {
      "type": "Feature",
      "properties": {
        "@id": "way/949335945",
        "natural": "beach",
        "@geometry": "center"
      },
      "geometry": {
        "type": "Point",
        "coordinates": [
          7.1367664,
          43.6490538
        ]
      },
      "id": "way/949335945"
    },
    {
      "type": "Feature",
      "properties": {
        "@id": "way/960721091",
        "natural": "beach",
        "surface": "pebblestone",
        "tidal": "yes",
        "@geometry": "center"
      },
      "geometry": {
        "type": "Point",
        "coordinates": [
          -2.9975845,
          48.8372981
        ]
      },
      "id": "way/960721091"
    },
    {
      "type": "Feature",
      "properties": {
        "@id": "way/960748110",
        "natural": "beach",
        "surface": "pebblestone",
        "@geometry": "center"
      },
      "geometry": {
        "type": "Point",
        "coordinates": [
          -2.987388,
          48.8592993
        ]
      },
      "id": "way/960748110"
    },
    {
      "type": "Feature",
      "properties": {
        "@id": "way/960748111",
        "natural": "beach",
        "surface": "pebblestone",
        "@geometry": "center"
      },
      "geometry": {
        "type": "Point",
        "coordinates": [
          -2.9865499,
          48.8601072
        ]
      },
      "id": "way/960748111"
    },
    {
      "type": "Feature",
      "properties": {
        "@id": "way/960769896",
        "natural": "beach",
        "tidal": "yes",
        "@geometry": "center"
      },
      "geometry": {
        "type": "Point",
        "coordinates": [
          -2.9914161,
          48.8602635
        ]
      },
      "id": "way/960769896"
    },
    {
      "type": "Feature",
      "properties": {
        "@id": "way/961068299",
        "natural": "beach",
        "surface": "pebblestone",
        "@geometry": "center"
      },
      "geometry": {
        "type": "Point",
        "coordinates": [
          -3.0450636,
          48.8380913
        ]
      },
      "id": "way/961068299"
    },
    {
      "type": "Feature",
      "properties": {
        "@id": "way/961068300",
        "natural": "beach",
        "surface": "pebblestone",
        "@geometry": "center"
      },
      "geometry": {
        "type": "Point",
        "coordinates": [
          -3.0453466,
          48.837369
        ]
      },
      "id": "way/961068300"
    },
    {
      "type": "Feature",
      "properties": {
        "@id": "way/961075653",
        "natural": "beach",
        "surface": "pebblestone",
        "@geometry": "center"
      },
      "geometry": {
        "type": "Point",
        "coordinates": [
          -2.9821759,
          48.8595213
        ]
      },
      "id": "way/961075653"
    },
    {
      "type": "Feature",
      "properties": {
        "@id": "way/961075654",
        "natural": "beach",
        "surface": "pebblestone",
        "@geometry": "center"
      },
      "geometry": {
        "type": "Point",
        "coordinates": [
          -2.9836478,
          48.8590836
        ]
      },
      "id": "way/961075654"
    },
    {
      "type": "Feature",
      "properties": {
        "@id": "way/961075655",
        "natural": "beach",
        "surface": "pebblestone",
        "@geometry": "center"
      },
      "geometry": {
        "type": "Point",
        "coordinates": [
          -2.9823502,
          48.8586063
        ]
      },
      "id": "way/961075655"
    },
    {
      "type": "Feature",
      "properties": {
        "@id": "way/964408490",
        "natural": "beach",
        "surface": "sand",
        "tidal": "yes",
        "@geometry": "center"
      },
      "geometry": {
        "type": "Point",
        "coordinates": [
          -3.1007986,
          48.8679599
        ]
      },
      "id": "way/964408490"
    },
    {
      "type": "Feature",
      "properties": {
        "@id": "way/964408491",
        "natural": "beach",
        "surface": "sand",
        "@geometry": "center"
      },
      "geometry": {
        "type": "Point",
        "coordinates": [
          -3.1163558,
          48.8660531
        ]
      },
      "id": "way/964408491"
    },
    {
      "type": "Feature",
      "properties": {
        "@id": "way/964408492",
        "natural": "beach",
        "surface": "pebblestone",
        "tidal": "yes",
        "@geometry": "center"
      },
      "geometry": {
        "type": "Point",
        "coordinates": [
          -3.1209067,
          48.8648968
        ]
      },
      "id": "way/964408492"
    },
    {
      "type": "Feature",
      "properties": {
        "@id": "way/964408497",
        "name": "Plage de Kermagen",
        "natural": "beach",
        "surface": "pebblestone",
        "tidal": "yes",
        "@geometry": "center"
      },
      "geometry": {
        "type": "Point",
        "coordinates": [
          -3.1401601,
          48.8578303
        ]
      },
      "id": "way/964408497"
    },
    {
      "type": "Feature",
      "properties": {
        "@id": "way/964408498",
        "name": "Plage de Kermagen",
        "natural": "beach",
        "surface": "pebblestone",
        "tidal": "yes",
        "@geometry": "center"
      },
      "geometry": {
        "type": "Point",
        "coordinates": [
          -3.1432472,
          48.8570115
        ]
      },
      "id": "way/964408498"
    },
    {
      "type": "Feature",
      "properties": {
        "@id": "way/964408505",
        "natural": "beach",
        "surface": "pebblestone",
        "tidal": "yes",
        "@geometry": "center"
      },
      "geometry": {
        "type": "Point",
        "coordinates": [
          -3.1629825,
          48.8534017
        ]
      },
      "id": "way/964408505"
    },
    {
      "type": "Feature",
      "properties": {
        "@id": "way/964967491",
        "name": "Farah Diba",
        "natural": "beach",
        "@geometry": "center"
      },
      "geometry": {
        "type": "Point",
        "coordinates": [
          -4.0166313,
          48.7390767
        ]
      },
      "id": "way/964967491"
    },
    {
      "type": "Feature",
      "properties": {
        "@id": "way/966500952",
        "addr:city": "Cagnes-sur-Mer",
        "name": "Plage du Grand Large",
        "natural": "beach",
        "surface": "pebblestone",
        "wikidata": "Q129211879",
        "@geometry": "center"
      },
      "geometry": {
        "type": "Point",
        "coordinates": [
          7.1539993,
          43.6514128
        ]
      },
      "id": "way/966500952"
    },
    {
      "type": "Feature",
      "properties": {
        "@id": "way/966580615",
        "access": "yes",
        "addr:city": "Villeneuve-Loubet",
        "name": "Plage de la Fighière",
        "natural": "beach",
        "surface": "pebblestone",
        "@geometry": "center"
      },
      "geometry": {
        "type": "Point",
        "coordinates": [
          7.1403253,
          43.6366931
        ]
      },
      "id": "way/966580615"
    },
    {
      "type": "Feature",
      "properties": {
        "@id": "way/967603206",
        "name": "Plage de Santa-Lucia",
        "natural": "beach",
        "surface": "pebblestone",
        "@geometry": "center"
      },
      "geometry": {
        "type": "Point",
        "coordinates": [
          6.7868858,
          43.4097467
        ]
      },
      "id": "way/967603206"
    },
    {
      "type": "Feature",
      "properties": {
        "@id": "way/968145095",
        "name": "Plage privée Bahia Hôtel",
        "natural": "beach",
        "@geometry": "center"
      },
      "geometry": {
        "type": "Point",
        "coordinates": [
          7.141832,
          43.6392019
        ]
      },
      "id": "way/968145095"
    },
    {
      "type": "Feature",
      "properties": {
        "@id": "way/968576803",
        "addr:city": "Villeneuve-Loubet",
        "name": "Plage privée des Marines",
        "natural": "beach",
        "@geometry": "center"
      },
      "geometry": {
        "type": "Point",
        "coordinates": [
          7.1420604,
          43.6395536
        ]
      },
      "id": "way/968576803"
    },
    {
      "type": "Feature",
      "properties": {
        "@id": "way/973669937",
        "name": "Plage des Cigales",
        "natural": "beach",
        "surface": "sand",
        "@geometry": "center"
      },
      "geometry": {
        "type": "Point",
        "coordinates": [
          6.6170539,
          43.2949409
        ]
      },
      "id": "way/973669937"
    },
    {
      "type": "Feature",
      "properties": {
        "@id": "way/973669941",
        "name": "Anse du Vieux Moulin",
        "natural": "beach",
        "surface": "sand",
        "@geometry": "center"
      },
      "geometry": {
        "type": "Point",
        "coordinates": [
          6.6019239,
          43.2864424
        ]
      },
      "id": "way/973669941"
    },
    {
      "type": "Feature",
      "properties": {
        "@id": "way/973669942",
        "name": "Plage du Vieux Moulin",
        "natural": "beach",
        "surface": "sand",
        "@geometry": "center"
      },
      "geometry": {
        "type": "Point",
        "coordinates": [
          6.6035575,
          43.2871531
        ]
      },
      "id": "way/973669942"
    },
    {
      "type": "Feature",
      "properties": {
        "@id": "way/978357719",
        "name": "Plage de la Gorguette",
        "natural": "beach",
        "supervised": "yes",
        "surface": "sand",
        "@geometry": "center"
      },
      "geometry": {
        "type": "Point",
        "coordinates": [
          5.7807521,
          43.1299979
        ]
      },
      "id": "way/978357719"
    },
    {
      "type": "Feature",
      "properties": {
        "@id": "way/1033339784",
        "natural": "beach",
        "surface": "pebblestone",
        "@geometry": "center"
      },
      "geometry": {
        "type": "Point",
        "coordinates": [
          7.4833357,
          43.7556537
        ]
      },
      "id": "way/1033339784"
    },
    {
      "type": "Feature",
      "properties": {
        "@id": "way/1033654869",
        "alt_name": "Plage de la Plateforme",
        "lifeguard": "no",
        "name": "Plage du Maeterlinck",
        "natural": "beach",
        "supervised": "no",
        "surface": "concrete",
        "@geometry": "center"
      },
      "geometry": {
        "type": "Point",
        "coordinates": [
          7.2991805,
          43.6862592
        ]
      },
      "id": "way/1033654869"
    },
    {
      "type": "Feature",
      "properties": {
        "@id": "way/1037489747",
        "natural": "beach",
        "@geometry": "center"
      },
      "geometry": {
        "type": "Point",
        "coordinates": [
          -3.2358735,
          48.8636035
        ]
      },
      "id": "way/1037489747"
    },
    {
      "type": "Feature",
      "properties": {
        "@id": "way/1038723818",
        "natural": "beach",
        "supervised": "yes",
        "@geometry": "center"
      },
      "geometry": {
        "type": "Point",
        "coordinates": [
          -1.5988391,
          49.1671227
        ]
      },
      "id": "way/1038723818"
    },
    {
      "type": "Feature",
      "properties": {
        "@id": "way/1039520187",
        "area": "yes",
        "natural": "beach",
        "surface": "pebblestone",
        "@geometry": "center"
      },
      "geometry": {
        "type": "Point",
        "coordinates": [
          9.180289,
          41.3673633
        ]
      },
      "id": "way/1039520187"
    },
    {
      "type": "Feature",
      "properties": {
        "@id": "way/1066905434",
        "natural": "beach",
        "wikidata": "Q129211867",
        "@geometry": "center"
      },
      "geometry": {
        "type": "Point",
        "coordinates": [
          7.1789407,
          43.6559635
        ]
      },
      "id": "way/1066905434"
    },
    {
      "type": "Feature",
      "properties": {
        "@id": "way/1066905437",
        "natural": "beach",
        "surface": "pebblestone",
        "@geometry": "center"
      },
      "geometry": {
        "type": "Point",
        "coordinates": [
          7.1769156,
          43.65612
        ]
      },
      "id": "way/1066905437"
    },
    {
      "type": "Feature",
      "properties": {
        "@id": "way/1066905438",
        "natural": "beach",
        "surface": "pebblestone",
        "@geometry": "center"
      },
      "geometry": {
        "type": "Point",
        "coordinates": [
          7.1740882,
          43.6562142
        ]
      },
      "id": "way/1066905438"
    },
    {
      "type": "Feature",
      "properties": {
        "@id": "way/1080032809",
        "natural": "beach",
        "@geometry": "center"
      },
      "geometry": {
        "type": "Point",
        "coordinates": [
          7.3206748,
          43.7024493
        ]
      },
      "id": "way/1080032809"
    },
    {
      "type": "Feature",
      "properties": {
        "@id": "way/1086378343",
        "access": "customers",
        "natural": "beach",
        "@geometry": "center"
      },
      "geometry": {
        "type": "Point",
        "coordinates": [
          7.4418522,
          43.750888
        ]
      },
      "id": "way/1086378343"
    },
    {
      "type": "Feature",
      "properties": {
        "@id": "way/1086378344",
        "access": "customers",
        "natural": "beach",
        "@geometry": "center"
      },
      "geometry": {
        "type": "Point",
        "coordinates": [
          7.4427673,
          43.7510597
        ]
      },
      "id": "way/1086378344"
    },
    {
      "type": "Feature",
      "properties": {
        "@id": "way/1086378345",
        "access": "customers",
        "natural": "beach",
        "@geometry": "center"
      },
      "geometry": {
        "type": "Point",
        "coordinates": [
          7.4436872,
          43.7510767
        ]
      },
      "id": "way/1086378345"
    },
    {
      "type": "Feature",
      "properties": {
        "@id": "way/1096431439",
        "natural": "beach",
        "@geometry": "center"
      },
      "geometry": {
        "type": "Point",
        "coordinates": [
          6.466361,
          43.1573526
        ]
      },
      "id": "way/1096431439"
    },
    {
      "type": "Feature",
      "properties": {
        "@id": "way/1128270641",
        "natural": "beach",
        "@geometry": "center"
      },
      "geometry": {
        "type": "Point",
        "coordinates": [
          -3.0994467,
          48.7993297
        ]
      },
      "id": "way/1128270641"
    },
    {
      "type": "Feature",
      "properties": {
        "@id": "way/1128270642",
        "natural": "beach",
        "@geometry": "center"
      },
      "geometry": {
        "type": "Point",
        "coordinates": [
          -3.1000586,
          48.7918853
        ]
      },
      "id": "way/1128270642"
    },
    {
      "type": "Feature",
      "properties": {
        "@id": "way/1161014185",
        "natural": "beach",
        "surface": "pebblestone",
        "@geometry": "center"
      },
      "geometry": {
        "type": "Point",
        "coordinates": [
          7.4884303,
          43.7655687
        ]
      },
      "id": "way/1161014185"
    },
    {
      "type": "Feature",
      "properties": {
        "@id": "way/1183331680",
        "dog": "designated",
        "natural": "beach",
        "@geometry": "center"
      },
      "geometry": {
        "type": "Point",
        "coordinates": [
          6.7140967,
          43.363908
        ]
      },
      "id": "way/1183331680"
    },
    {
      "type": "Feature",
      "properties": {
        "@id": "way/1183341957",
        "name": "Calanque des Corailleurs",
        "natural": "beach",
        "@geometry": "center"
      },
      "geometry": {
        "type": "Point",
        "coordinates": [
          6.7238091,
          43.381458
        ]
      },
      "id": "way/1183341957"
    },
    {
      "type": "Feature",
      "properties": {
        "@id": "way/1183341959",
        "lifeguard": "no",
        "natural": "beach",
        "supervised": "no",
        "@geometry": "center"
      },
      "geometry": {
        "type": "Point",
        "coordinates": [
          6.7278651,
          43.3859611
        ]
      },
      "id": "way/1183341959"
    },
    {
      "type": "Feature",
      "properties": {
        "@id": "way/1183341962",
        "natural": "beach",
        "@geometry": "center"
      },
      "geometry": {
        "type": "Point",
        "coordinates": [
          6.7266573,
          43.3842145
        ]
      },
      "id": "way/1183341962"
    },
    {
      "type": "Feature",
      "properties": {
        "@id": "way/1183341964",
        "name": "Plage du Pébrier",
        "natural": "beach",
        "@geometry": "center"
      },
      "geometry": {
        "type": "Point",
        "coordinates": [
          6.7204068,
          43.378573
        ]
      },
      "id": "way/1183341964"
    },
    {
      "type": "Feature",
      "properties": {
        "@id": "way/1183341966",
        "natural": "beach",
        "@geometry": "center"
      },
      "geometry": {
        "type": "Point",
        "coordinates": [
          6.7257157,
          43.3830471
        ]
      },
      "id": "way/1183341966"
    },
    {
      "type": "Feature",
      "properties": {
        "@id": "way/1183341971",
        "name": "Calanque du four à chaux",
        "natural": "beach",
        "@geometry": "center"
      },
      "geometry": {
        "type": "Point",
        "coordinates": [
          6.7217107,
          43.379912
        ]
      },
      "id": "way/1183341971"
    },
    {
      "type": "Feature",
      "properties": {
        "@id": "way/1196098598",
        "dog": "no",
        "name": "Plage du Cruckin",
        "natural": "beach",
        "surface": "sand",
        "@geometry": "center"
      },
      "geometry": {
        "type": "Point",
        "coordinates": [
          -3.0205066,
          48.7707606
        ]
      },
      "id": "way/1196098598"
    },
    {
      "type": "Feature",
      "properties": {
        "@id": "way/1196443969",
        "natural": "beach",
        "surface": "sand",
        "@geometry": "center"
      },
      "geometry": {
        "type": "Point",
        "coordinates": [
          -3.003819,
          48.8406861
        ]
      },
      "id": "way/1196443969"
    },
    {
      "type": "Feature",
      "properties": {
        "@id": "way/1196443982",
        "natural": "beach",
        "surface": "sand",
        "@geometry": "center"
      },
      "geometry": {
        "type": "Point",
        "coordinates": [
          -3.0026114,
          48.8400063
        ]
      },
      "id": "way/1196443982"
    },
    {
      "type": "Feature",
      "properties": {
        "@id": "way/1196443984",
        "natural": "beach",
        "surface": "sand",
        "@geometry": "center"
      },
      "geometry": {
        "type": "Point",
        "coordinates": [
          -3.0033819,
          48.8405829
        ]
      },
      "id": "way/1196443984"
    },
    {
      "type": "Feature",
      "properties": {
        "@id": "way/1197395998",
        "name": "Park an Aod",
        "name:br": "Park an Aod",
        "name:fr": "Park an Aod",
        "natural": "beach",
        "source": "cadastre-dgi-fr source : Direction Générale des Impôts - Cadastre. Mise à jour : 2023",
        "surface": "sand",
        "@geometry": "center"
      },
      "geometry": {
        "type": "Point",
        "coordinates": [
          -3.9260317,
          48.6888842
        ]
      },
      "id": "way/1197395998"
    },
    {
      "type": "Feature",
      "properties": {
        "@id": "way/1218054442",
        "name:br": "Toul C'hwezeg",
        "natural": "beach",
        "source:name:br": "proper translation",
        "@geometry": "center"
      },
      "geometry": {
        "type": "Point",
        "coordinates": [
          -3.9265234,
          48.6984061
        ]
      },
      "id": "way/1218054442"
    },
    {
      "type": "Feature",
      "properties": {
        "@id": "way/1218054946",
        "name:br": "An aod e-kreiz",
        "natural": "beach",
        "@geometry": "center"
      },
      "geometry": {
        "type": "Point",
        "coordinates": [
          -3.9215509,
          48.6869487
        ]
      },
      "id": "way/1218054946"
    },
    {
      "type": "Feature",
      "properties": {
        "@id": "way/1218055479",
        "name": "an aod ar marc'h",
        "name:br": "An aod ar marc'h",
        "name:fr": "an aod ar marc'h",
        "natural": "beach",
        "@geometry": "center"
      },
      "geometry": {
        "type": "Point",
        "coordinates": [
          -3.9210521,
          48.6861551
        ]
      },
      "id": "way/1218055479"
    },
    {
      "type": "Feature",
      "properties": {
        "@id": "way/1218055751",
        "name": "Aber ar Biliou",
        "name:br": "Aber ar Birou",
        "natural": "beach",
        "surface": "sand",
        "@geometry": "center"
      },
      "geometry": {
        "type": "Point",
        "coordinates": [
          -3.9246996,
          48.6834659
        ]
      },
      "id": "way/1218055751"
    },
    {
      "type": "Feature",
      "properties": {
        "@id": "way/1218056167",
        "name": "Porzienn C'halod",
        "name:br": "Porzienn C'halod",
        "name:fr": "Porzienn C'halod",
        "natural": "beach",
        "surface": "sand",
        "@geometry": "center"
      },
      "geometry": {
        "type": "Point",
        "coordinates": [
          -3.9243105,
          48.6801155
        ]
      },
      "id": "way/1218056167"
    },
    {
      "type": "Feature",
      "properties": {
        "@id": "way/1254562192",
        "name": "Plage Fournas",
        "natural": "beach",
        "surface": "pebblestone",
        "@geometry": "center"
      },
      "geometry": {
        "type": "Point",
        "coordinates": [
          6.7922297,
          43.4106182
        ]
      },
      "id": "way/1254562192"
    },
    {
      "type": "Feature",
      "properties": {
        "@id": "way/1268991056",
        "lifeguard": "no",
        "name": "Crique du Layet",
        "natural": "beach",
        "nudism": "yes",
        "supervised": "no",
        "surface": "galets",
        "@geometry": "center"
      },
      "geometry": {
        "type": "Point",
        "coordinates": [
          6.4190214,
          43.1475509
        ]
      },
      "id": "way/1268991056"
    },
    {
      "type": "Feature",
      "properties": {
        "@id": "way/1280639214",
        "natural": "beach",
        "@geometry": "center"
      },
      "geometry": {
        "type": "Point",
        "coordinates": [
          -3.0990143,
          48.8679299
        ]
      },
      "id": "way/1280639214"
    },
    {
      "type": "Feature",
      "properties": {
        "@id": "way/1307006815",
        "area": "yes",
        "natural": "beach",
        "supervised": "no",
        "surface": "pebblestone",
        "@geometry": "center"
      },
      "geometry": {
        "type": "Point",
        "coordinates": [
          -0.681633,
          49.3465982
        ]
      },
      "id": "way/1307006815"
    },
    {
      "type": "Feature",
      "properties": {
        "@id": "way/1312438499",
        "natural": "beach",
        "surface": "gravel",
        "@geometry": "center"
      },
      "geometry": {
        "type": "Point",
        "coordinates": [
          7.121994,
          43.6566296
        ]
      },
      "id": "way/1312438499"
    },
    {
      "type": "Feature",
      "properties": {
        "@id": "way/1346653507",
        "natural": "beach",
        "supervised": "no",
        "surface": "pebblestone",
        "@geometry": "center"
      },
      "geometry": {
        "type": "Point",
        "coordinates": [
          7.2925432,
          43.6912538
        ]
      },
      "id": "way/1346653507"
    },
    {
      "type": "Feature",
      "properties": {
        "@id": "way/1346653508",
        "natural": "beach",
        "supervised": "no",
        "surface": "pebblestone",
        "@geometry": "center"
      },
      "geometry": {
        "type": "Point",
        "coordinates": [
          7.2922003,
          43.6913696
        ]
      },
      "id": "way/1346653508"
    },
    {
      "type": "Feature",
      "properties": {
        "@id": "way/1380051323",
        "natural": "beach",
        "@geometry": "center"
      },
      "geometry": {
        "type": "Point",
        "coordinates": [
          8.8921085,
          41.6631027
        ]
      },
      "id": "way/1380051323"
    },
    {
      "type": "Feature",
      "properties": {
        "@id": "way/1422273323",
        "name": "Fazzio",
        "natural": "beach",
        "@geometry": "center"
      },
      "geometry": {
        "type": "Point",
        "coordinates": [
          9.1372944,
          41.3934728
        ]
      },
      "id": "way/1422273323"
    },
    {
      "type": "Feature",
      "properties": {
        "@id": "way/1431170107",
        "natural": "beach",
        "@geometry": "center"
      },
      "geometry": {
        "type": "Point",
        "coordinates": [
          6.6718981,
          43.3133119
        ]
      },
      "id": "way/1431170107"
    },
    {
      "type": "Feature",
      "properties": {
        "@id": "way/1451040906",
        "name": "Plage des Sablettes",
        "natural": "beach",
        "surface": "sand",
        "wikidata": "Q123694228",
        "@geometry": "center"
      },
      "geometry": {
        "type": "Point",
        "coordinates": [
          7.508717,
          43.7785368
        ]
      },
      "id": "way/1451040906"
    },
    {
      "type": "Feature",
      "properties": {
        "@id": "way/1484639553",
        "natural": "beach",
        "@geometry": "center"
      },
      "geometry": {
        "type": "Point",
        "coordinates": [
          -3.9214723,
          48.6889144
        ]
      },
      "id": "way/1484639553"
    },
    {
      "type": "Feature",
      "properties": {
        "@id": "way/1484639556",
        "natural": "beach",
        "@geometry": "center"
      },
      "geometry": {
        "type": "Point",
        "coordinates": [
          -3.9293848,
          48.6994035
        ]
      },
      "id": "way/1484639556"
    },
    {
      "type": "Feature",
      "properties": {
        "@id": "way/1491456976",
        "name": "Porz Ar Voudenn",
        "name:br": "Porzh ar Voudenn",
        "name:fr": "Porz Ar Voudenn",
        "natural": "beach",
        "tidal": "yes",
        "@geometry": "center"
      },
      "geometry": {
        "type": "Point",
        "coordinates": [
          -4.0079527,
          48.7528762
        ]
      },
      "id": "way/1491456976"
    },
    {
      "type": "Feature",
      "properties": {
        "@id": "way/1498830637",
        "name": "Plage Pors ar Gored",
        "name:br": "Porzh ar Gored",
        "name:fr": "Plage Pors ar Gored",
        "natural": "beach",
        "@geometry": "center"
      },
      "geometry": {
        "type": "Point",
        "coordinates": [
          -3.9730184,
          48.7251173
        ]
      },
      "id": "way/1498830637"
    },
    {
      "type": "Feature",
      "properties": {
        "@id": "way/1525526181",
        "name": "Porz ar Callot",
        "natural": "beach",
        "@geometry": "center"
      },
      "geometry": {
        "type": "Point",
        "coordinates": [
          -3.9226105,
          48.6755215
        ]
      },
      "id": "way/1525526181"
    },
    {
      "type": "Feature",
      "properties": {
        "@id": "way/1546514998",
        "check_date": "2026-08-01",
        "lifeguard": "no",
        "natural": "beach",
        "note": "Beach unfinished/goes on/recorded ca at 13o’clock 1.8.2026",
        "surface": "stone",
        "@geometry": "center"
      },
      "geometry": {
        "type": "Point",
        "coordinates": [
          -3.013275,
          48.8217948
        ]
      },
      "id": "way/1546514998"
    },
    {
      "type": "Feature",
      "properties": {
        "@id": "way/1550113307",
        "natural": "beach",
        "@geometry": "center"
      },
      "geometry": {
        "type": "Point",
        "coordinates": [
          -3.2368325,
          48.8617007
        ]
      },
      "id": "way/1550113307"
    },
    {
      "type": "Feature",
      "properties": {
        "@id": "node/1723311734",
        "name": "Plage de la Redoute",
        "natural": "beach",
        "nudism": "yes"
      },
      "geometry": {
        "type": "Point",
        "coordinates": [
          -0.2276917,
          49.2863022
        ]
      },
      "id": "node/1723311734"
    },
    {
      "type": "Feature",
      "properties": {
        "@id": "node/2417680217",
        "name": "Plage du Prévent",
        "natural": "beach",
        "place": "locality",
        "supervised": "no",
        "wikimedia_commons": "File:Capbreton_plage_du_prévent.JPG"
      },
      "geometry": {
        "type": "Point",
        "coordinates": [
          -1.4459659,
          43.6496469
        ]
      },
      "id": "node/2417680217"
    },
    {
      "type": "Feature",
      "properties": {
        "@id": "node/2417680226",
        "name": "Plage des Océanides",
        "natural": "beach"
      },
      "geometry": {
        "type": "Point",
        "coordinates": [
          -1.4497843,
          43.6370697
        ]
      },
      "id": "node/2417680226"
    },
    {
      "type": "Feature",
      "properties": {
        "@id": "node/2417680230",
        "name": "Plage de la Piste",
        "natural": "beach",
        "wikimedia_commons": "File:Capbreton_Blockhauss_vus_du_Sud.jpg"
      },
      "geometry": {
        "type": "Point",
        "coordinates": [
          -1.4475108,
          43.6417672
        ]
      },
      "id": "node/2417680230"
    },
    {
      "type": "Feature",
      "properties": {
        "@id": "node/2417680233",
        "name": "Plage du Santocha",
        "natural": "beach",
        "wikimedia_commons": "File:Surfing_at_Santocha.jpg"
      },
      "geometry": {
        "type": "Point",
        "coordinates": [
          -1.4456762,
          43.6457966
        ]
      },
      "id": "node/2417680233"
    },
    {
      "type": "Feature",
      "properties": {
        "@id": "node/5396519212",
        "addr:city": "Ondres",
        "addr:postcode": "40440",
        "description": "Plage de sable bordée par une dune. Baignade surveillée en été. Restaurants, commerces et services. Parking et accès front de mer PMR (pas la plage). Animaux admis sous conditions. Plage sans poubelle.",
        "lifeguard": "yes",
        "mapillary": "276549574261100",
        "name": "Ondres-Océan",
        "name:oc": "Plaja d'Ondres-Océan",
        "natural": "beach",
        "panoramax": "27bbbc14-fbdf-4e65-8e32-88850dc30f05",
        "ref:FR:CRTA": "LOIAQU04001M8B1B",
        "source:name:oc": "ieo-bdtopoc",
        "supervised": "Jun 16-30,Sep 01-15: 12:00-18:30;Jul 01-Aug 31: 11:00-19:00",
        "surface": "sand",
        "wheelchair": "limited"
      },
      "geometry": {
        "type": "Point",
        "coordinates": [
          -1.4882397,
          43.5774218
        ]
      },
      "id": "node/5396519212"
    },
    {
      "type": "Feature",
      "properties": {
        "@id": "node/5396554794",
        "addr:city": "Tarnos",
        "addr:postcode": "40220",
        "description": "Plage de sable fin, bordée par une dune. Baignade surveillée en été. Services à proximité.",
        "lifeguard": "yes",
        "mapillary": "528692994801859",
        "name": "Plage du Métro",
        "name:oc": "Plaja deu Metro",
        "natural": "beach",
        "nudism": "permissive",
        "ref:FR:CRTA": "LOIAQU04001M8AX8",
        "source:name:oc": "ieo-bdtopoc",
        "supervised": "Jun 16-30,Sep 01-15: 12:00-18:30;Jul 01-Aug 31: 11:00-19:00",
        "surface": "sand",
        "website": "https://www.seignanx-tourisme.com",
        "wheelchair": "limited"
      },
      "geometry": {
        "type": "Point",
        "coordinates": [
          -1.5007225,
          43.5591675
        ]
      },
      "id": "node/5396554794"
    },
    {
      "type": "Feature",
      "properties": {
        "@id": "node/5460321621",
        "natural": "beach"
      },
      "geometry": {
        "type": "Point",
        "coordinates": [
          -3.2068652,
          48.8468923
        ]
      },
      "id": "node/5460321621"
    },
    {
      "type": "Feature",
      "properties": {
        "@id": "node/5845966860",
        "name": "Plage dorée",
        "natural": "beach"
      },
      "geometry": {
        "type": "Point",
        "coordinates": [
          5.7802263,
          43.1326192
        ]
      },
      "id": "node/5845966860"
    },
    {
      "type": "Feature",
      "properties": {
        "@id": "node/6575594761",
        "name": "Plage de La Grande Grève",
        "name:br": "An Aod Vras",
        "name:fr": "Plage de La Grande Grève",
        "natural": "beach",
        "source:name:br": "ofis publik ar brezhoneg"
      },
      "geometry": {
        "type": "Point",
        "coordinates": [
          -3.9736161,
          48.708343
        ]
      },
      "id": "node/6575594761"
    },
    {
      "type": "Feature",
      "properties": {
        "@id": "node/6698942232",
        "name": "Port Martin",
        "natural": "beach",
        "surface": "dirt/sand"
      },
      "geometry": {
        "type": "Point",
        "coordinates": [
          6.7941935,
          43.4108323
        ]
      },
      "id": "node/6698942232"
    },
    {
      "type": "Feature",
      "properties": {
        "@id": "node/7040915085",
        "name": "Pors ar Vil",
        "name:br": "Porzh ar Vil",
        "name:fr": "Pors ar Vil",
        "natural": "beach",
        "wheelchair": "no"
      },
      "geometry": {
        "type": "Point",
        "coordinates": [
          -4.0501996,
          48.7050678
        ]
      },
      "id": "node/7040915085"
    },
    {
      "type": "Feature",
      "properties": {
        "@id": "node/7040915086",
        "name": "Pors ar Vag",
        "name:br": "Porzh ar Vag",
        "name:fr": "Pors ar Vag",
        "natural": "beach",
        "wheelchair": "no"
      },
      "geometry": {
        "type": "Point",
        "coordinates": [
          -4.0486818,
          48.7053368
        ]
      },
      "id": "node/7040915086"
    },
    {
      "type": "Feature",
      "properties": {
        "@id": "node/7040982028",
        "name": "Crique de Poulgueguen",
        "natural": "beach"
      },
      "geometry": {
        "type": "Point",
        "coordinates": [
          -4.0531991,
          48.7025203
        ]
      },
      "id": "node/7040982028"
    },
    {
      "type": "Feature",
      "properties": {
        "@id": "node/7193447587",
        "natural": "beach"
      },
      "geometry": {
        "type": "Point",
        "coordinates": [
          -4.0762572,
          48.6896871
        ]
      },
      "id": "node/7193447587"
    },
    {
      "type": "Feature",
      "properties": {
        "@id": "node/7193447588",
        "natural": "beach"
      },
      "geometry": {
        "type": "Point",
        "coordinates": [
          -4.0762465,
          48.68934
        ]
      },
      "id": "node/7193447588"
    },
    {
      "type": "Feature",
      "properties": {
        "@id": "node/7193447589",
        "natural": "beach"
      },
      "geometry": {
        "type": "Point",
        "coordinates": [
          -4.0780704,
          48.6899279
        ]
      },
      "id": "node/7193447589"
    },
    {
      "type": "Feature",
      "properties": {
        "@id": "node/7779497962",
        "name": "Plage de la Gavinette",
        "natural": "beach",
        "surface": "asphalt"
      },
      "geometry": {
        "type": "Point",
        "coordinates": [
          7.3226097,
          43.687128
        ]
      },
      "id": "node/7779497962"
    },
    {
      "type": "Feature",
      "properties": {
        "@id": "node/7805085951",
        "name": "Plage naturiste de Merville",
        "natural": "beach",
        "nudism": "designated",
        "surface": "sand",
        "website": "https://plagesoleiletnaturisme.fr/"
      },
      "geometry": {
        "type": "Point",
        "coordinates": [
          -0.22467,
          49.2867466
        ]
      },
      "id": "node/7805085951"
    },
    {
      "type": "Feature",
      "properties": {
        "@id": "node/12124062132",
        "lifeguard": "yes",
        "name": "Handiplage – Espace Claude et Thérèse Faivre",
        "natural": "beach",
        "website": "https://ville.cagnes.fr/handiplage/",
        "wheelchair": "yes"
      },
      "geometry": {
        "type": "Point",
        "coordinates": [
          7.1737914,
          43.6563897
        ]
      },
      "id": "node/12124062132"
    },
    {
      "type": "Feature",
      "properties": {
        "@id": "node/12228474252",
        "description": "grève",
        "name": "Ot ar Tres",
        "name:br": "Aod ar Traezh",
        "name:fr": "Ot ar Tres",
        "natural": "beach"
      },
      "geometry": {
        "type": "Point",
        "coordinates": [
          -2.9940527,
          48.8565316
        ]
      },
      "id": "node/12228474252"
    },
    {
      "type": "Feature",
      "properties": {
        "@id": "node/12235994813",
        "natural": "beach"
      },
      "geometry": {
        "type": "Point",
        "coordinates": [
          -2.9847247,
          48.8630003
        ]
      },
      "id": "node/12235994813"
    }
  ]
}